DATE,AIR,ln_AIR
1/1/1949,112,4.718498871
2/1/1949,118,4.770684624
3/1/1949,132,4.882801923
4/1/1949,129,4.859812404
5/1/1949,121,4.795790546
6/1/1949,135,4.905274778
7/1/1949,148,4.997212274
8/1/1949,148,4.997212274
9/1/1949,136,4.912654886
10/1/1949,119,4.779123493
11/1/1949,104,4.644390899
12/1/1949,118,4.770684624
1/1/1950,115,4.744932128
2/1/1950,126,4.836281907
3/1/1950,141,4.94875989
4/1/1950,135,4.905274778
5/1/1950,125,4.828313737
6/1/1950,149,5.003946306
7/1/1950,170,5.135798437
8/1/1950,170,5.135798437
9/1/1950,158,5.062595033
10/1/1950,133,4.890349128
11/1/1950,114,4.736198448
12/1/1950,140,4.941642423
1/1/1951,145,4.976733742
2/1/1951,150,5.010635294
3/1/1951,178,5.18178355
4/1/1951,163,5.093750201
5/1/1951,172,5.147494477
6/1/1951,178,5.18178355
7/1/1951,199,5.293304825
8/1/1951,199,5.293304825
9/1/1951,184,5.214935758
10/1/1951,162,5.087596335
11/1/1951,146,4.983606622
12/1/1951,166,5.111987788
1/1/1952,171,5.141663557
2/1/1952,180,5.192956851
3/1/1952,193,5.262690189
4/1/1952,181,5.198497031
5/1/1952,183,5.209486153
6/1/1952,218,5.384495063
7/1/1952,230,5.438079309
8/1/1952,242,5.488937726
9/1/1952,209,5.342334252
10/1/1952,191,5.252273428
11/1/1952,172,5.147494477
12/1/1952,194,5.267858159
1/1/1953,196,5.278114659
2/1/1953,196,5.278114659
3/1/1953,236,5.463831805
4/1/1953,235,5.459585514
5/1/1953,229,5.433722004
6/1/1953,243,5.493061443
7/1/1953,264,5.575949103
8/1/1953,272,5.605802066
9/1/1953,237,5.468060141
10/1/1953,211,5.351858133
11/1/1953,180,5.192956851
12/1/1953,201,5.303304908
1/1/1954,204,5.318119994
2/1/1954,188,5.236441963
3/1/1954,235,5.459585514
4/1/1954,227,5.424950017
5/1/1954,234,5.455321115
6/1/1954,264,5.575949103
7/1/1954,302,5.710427017
8/1/1954,293,5.680172609
9/1/1954,259,5.556828062
10/1/1954,229,5.433722004
11/1/1954,203,5.313205979
12/1/1954,229,5.433722004
1/1/1955,242,5.488937726
2/1/1955,233,5.451038454
3/1/1955,267,5.587248658
4/1/1955,269,5.59471138
5/1/1955,270,5.598421959
6/1/1955,315,5.752572639
7/1/1955,364,5.897153868
8/1/1955,347,5.84932478
9/1/1955,312,5.743003188
10/1/1955,274,5.613128106
11/1/1955,237,5.468060141
12/1/1955,278,5.627621114
1/1/1956,284,5.648974238
2/1/1956,277,5.624017506
3/1/1956,317,5.758901774
4/1/1956,313,5.746203191
5/1/1956,318,5.762051383
6/1/1956,374,5.924255797
7/1/1956,413,6.023447593
8/1/1956,405,6.003887067
9/1/1956,355,5.872117789
10/1/1956,306,5.723585102
11/1/1956,271,5.602118821
12/1/1956,306,5.723585102
1/1/1957,315,5.752572639
2/1/1957,301,5.707110265
3/1/1957,356,5.874930731
4/1/1957,348,5.85220248
5/1/1957,355,5.872117789
6/1/1957,422,6.045005314
7/1/1957,465,6.142037406
8/1/1957,467,6.146329258
9/1/1957,404,6.001414878
10/1/1957,347,5.84932478
11/1/1957,305,5.720311777
12/1/1957,336,5.81711116
1/1/1958,340,5.828945618
2/1/1958,318,5.762051383
3/1/1958,362,5.891644212
4/1/1958,348,5.85220248
5/1/1958,363,5.894402834
6/1/1958,435,6.075346031
7/1/1958,491,6.196444128
8/1/1958,505,6.224558429
9/1/1958,404,6.001414878
10/1/1958,359,5.883322388
11/1/1958,310,5.736572297
12/1/1958,337,5.82008293
1/1/1959,360,5.886104031
2/1/1959,342,5.834810737
3/1/1959,406,6.00635316
4/1/1959,396,5.981414211
5/1/1959,420,6.040254711
6/1/1959,472,6.156978986
7/1/1959,548,6.306275287
8/1/1959,559,6.326149473
9/1/1959,463,6.137727054
10/1/1959,407,6.008813185
11/1/1959,362,5.891644212
12/1/1959,405,6.003887067
1/1/1960,417,6.033086222
2/1/1960,391,5.96870756
3/1/1960,419,6.03787092
4/1/1960,461,6.133398043
5/1/1960,472,6.156978986
6/1/1960,535,6.282266747
7/1/1960,622,6.432940093
8/1/1960,606,6.406879986
9/1/1960,508,6.230481448
10/1/1960,461,6.133398043
11/1/1960,390,5.966146739
12/1/1960,432,6.068425588
