client_id,性别,birth_date,district_id,年龄,年龄段,交易笔数,交易总额,账户数,活跃度标签,价值标签,贷款笔数,未结清笔数,持卡数,最长账龄月,负债标签
2,男,1945-02-04,1,53,46-55,478,3151514,1,超高频,高价值,1.0,1.0,0.0,71.2,有负债
3,女,1940-10-09,1,58,>55,478,3151514,1,超高频,高价值,1.0,1.0,0.0,71.2,有负债
20,男,1979-01-04,46,20,≤25,365,2329599,1,超高频,高价值,0.0,0.0,0.0,63.9,无负债
24,女,1939-07-29,43,59,>55,328,3728704,1,超高频,高价值,0.0,0.0,0.0,68.2,无负债
29,女,1951-09-11,30,47,46-55,370,3195889,1,超高频,高价值,0.0,0.0,0.0,68.3,无负债
31,男,1962-02-09,68,36,36-45,274,2958556,1,超高频,高价值,1.0,1.0,0.0,29.6,有负债
32,男,1980-07-28,52,18,≤25,351,3471064,1,超高频,高价值,0.0,0.0,0.0,65.7,无负债
38,女,1973-07-23,36,25,≤25,281,4561821,1,超高频,高价值,0.0,0.0,0.0,46.6,无负债
39,男,1968-01-25,68,30,26-35,383,5807700,1,超高频,高价值,0.0,0.0,0.0,57.0,无负债
41,男,1968-08-27,22,30,26-35,344,3232014,1,超高频,高价值,0.0,0.0,1.0,65.1,无负债
42,男,1935-08-17,68,63,>55,409,4342634,1,超高频,高价值,0.0,0.0,1.0,64.4,无负债
44,女,1977-01-11,38,21,≤25,388,2793033,1,超高频,高价值,0.0,0.0,0.0,67.0,无负债
51,女,1979-12-02,36,19,≤25,321,2841707,1,超高频,高价值,0.0,0.0,1.0,55.5,无负债
55,女,1948-09-18,45,50,46-55,565,4933924,1,超高频,高价值,0.0,0.0,0.0,65.7,无负债
77,女,1956-02-18,1,42,36-45,316,5879320,1,超高频,高价值,0.0,0.0,1.0,61.8,无负债
78,女,1944-06-13,16,54,46-55,382,4518183,1,超高频,高价值,1.0,1.0,0.0,51.2,有负债
79,女,1969-03-10,37,29,26-35,424,3645529,1,超高频,高价值,0.0,0.0,1.0,49.1,无负债
83,女,1978-12-25,1,20,≤25,496,2695819,1,超高频,高价值,0.0,0.0,1.0,58.8,无负债
84,男,1979-05-05,1,19,≤25,496,2695819,1,超高频,高价值,0.0,0.0,0.0,58.8,无负债
85,男,1961-08-27,1,37,36-45,242,3287346,1,超高频,高价值,0.0,0.0,0.0,30.8,无负债
86,女,1969-07-20,1,29,26-35,242,3287346,1,超高频,高价值,0.0,0.0,0.0,30.8,无负债
87,女,1946-11-17,72,52,46-55,366,2564611,1,超高频,高价值,0.0,0.0,1.0,62.7,无负债
92,女,1966-06-12,74,32,26-35,388,2469502,1,超高频,高价值,0.0,0.0,0.0,66.8,无负债
97,男,1965-11-28,26,33,26-35,332,4840846,1,超高频,高价值,0.0,0.0,0.0,56.8,无负债
100,女,1942-08-11,44,56,>55,211,2374918,1,超高频,高价值,0.0,0.0,0.0,36.8,无负债
107,男,1972-06-23,1,26,26-35,457,2839857,1,超高频,高价值,0.0,0.0,0.0,54.4,无负债
114,女,1969-06-24,74,29,26-35,661,6749870,1,超高频,高价值,0.0,0.0,1.0,71.4,无负债
115,男,1969-12-24,74,29,26-35,661,6749870,1,超高频,高价值,0.0,0.0,0.0,71.4,无负债
120,男,1976-05-10,1,22,≤25,248,2513988,1,超高频,高价值,0.0,0.0,0.0,42.8,无负债
143,男,1978-07-09,27,20,≤25,395,3110282,1,超高频,高价值,0.0,0.0,0.0,68.2,无负债
151,女,1971-09-23,51,27,26-35,335,3166496,1,超高频,高价值,0.0,0.0,0.0,63.2,无负债
158,女,1945-07-03,40,53,46-55,198,2535955,1,超高频,高价值,1.0,1.0,1.0,32.2,有负债
159,男,1938-09-10,40,60,>55,198,2535955,1,超高频,高价值,1.0,1.0,0.0,32.2,有负债
190,女,1947-10-31,37,51,46-55,260,2405413,1,超高频,高价值,0.0,0.0,0.0,46.3,无负债
191,男,1954-09-03,37,44,36-45,260,2405413,1,超高频,高价值,0.0,0.0,0.0,46.3,无负债
202,女,1976-11-21,29,22,≤25,177,2755589,1,超高频,高价值,0.0,0.0,1.0,34.7,无负债
208,女,1940-06-25,13,58,>55,378,3083101,1,超高频,高价值,0.0,0.0,1.0,65.0,无负债
209,男,1935-08-20,13,63,>55,378,3083101,1,超高频,高价值,0.0,0.0,0.0,65.0,无负债
210,男,1939-11-30,66,59,>55,572,2581475,1,超高频,高价值,1.0,1.0,0.0,62.1,有负债
211,女,1945-06-28,66,53,46-55,572,2581475,1,超高频,高价值,1.0,1.0,0.0,62.1,有负债
215,男,1967-09-24,71,31,26-35,274,2890719,1,超高频,高价值,1.0,1.0,0.0,29.1,有负债
219,女,1964-04-02,60,34,26-35,331,3209818,1,超高频,高价值,0.0,0.0,1.0,61.5,无负债
226,男,1942-06-16,1,56,>55,413,5133111,1,超高频,高价值,0.0,0.0,0.0,66.1,无负债
228,女,1956-03-16,48,42,36-45,403,2817194,1,超高频,高价值,0.0,0.0,0.0,69.4,无负债
239,女,1974-09-10,1,24,≤25,374,3280610,1,超高频,高价值,0.0,0.0,0.0,71.2,无负债
255,女,1951-10-11,27,47,46-55,432,7619103,1,超高频,高价值,0.0,0.0,1.0,72.4,无负债
263,男,1962-05-20,68,36,36-45,224,3620109,1,超高频,高价值,0.0,0.0,0.0,35.3,无负债
267,男,1967-06-12,37,31,26-35,357,5135613,1,超高频,高价值,0.0,0.0,1.0,70.6,无负债
273,女,1972-05-15,27,26,26-35,257,4315051,1,超高频,高价值,0.0,0.0,1.0,45.8,无负债
274,女,1970-11-25,17,28,26-35,406,2917884,1,超高频,高价值,0.0,0.0,0.0,64.0,无负债
289,男,1958-03-27,54,40,36-45,569,5026142,1,超高频,高价值,0.0,0.0,0.0,71.1,无负债
294,男,1968-03-21,58,30,26-35,363,4925413,1,超高频,高价值,0.0,0.0,0.0,62.7,无负债
296,男,1974-03-01,65,24,≤25,326,3190212,1,超高频,高价值,0.0,0.0,0.0,62.1,无负债
300,女,1957-07-30,1,41,36-45,208,2415069,1,超高频,高价值,0.0,0.0,0.0,45.7,无负债
321,女,1943-10-24,47,55,46-55,325,6031384,1,超高频,高价值,0.0,0.0,1.0,56.5,无负债
326,女,1967-09-18,27,31,26-35,258,2366879,1,超高频,高价值,0.0,0.0,1.0,48.0,无负债
327,男,1968-10-13,27,30,26-35,258,2366879,1,超高频,高价值,0.0,0.0,0.0,48.0,无负债
331,男,1942-03-02,1,56,>55,372,2827187,1,超高频,高价值,0.0,0.0,0.0,65.3,无负债
334,男,1969-10-31,32,29,26-35,299,3246663,1,超高频,高价值,0.0,0.0,1.0,56.9,无负债
352,男,1940-08-27,56,58,>55,491,4172379,1,超高频,高价值,1.0,1.0,0.0,61.9,有负债
353,男,1965-10-26,7,33,26-35,169,2604418,1,超高频,高价值,0.0,0.0,0.0,19.1,无负债
364,女,1942-12-05,54,56,>55,368,5390914,1,超高频,高价值,0.0,0.0,0.0,69.9,无负债
383,女,1939-05-17,15,59,>55,223,2804883,1,超高频,高价值,1.0,1.0,0.0,35.7,有负债
384,男,1935-10-08,15,63,>55,223,2804883,1,超高频,高价值,1.0,1.0,0.0,35.7,有负债
389,女,1974-06-30,47,24,≤25,376,3366562,1,超高频,高价值,1.0,1.0,0.0,39.1,有负债
392,女,1950-04-01,74,48,46-55,399,2528684,1,超高频,高价值,0.0,0.0,0.0,71.4,无负债
393,男,1956-08-31,74,42,36-45,399,2528684,1,超高频,高价值,0.0,0.0,0.0,71.4,无负债
408,女,1978-02-22,35,20,≤25,458,2644368,1,超高频,高价值,0.0,0.0,0.0,68.3,无负债
414,女,1947-10-19,46,51,46-55,216,2782005,1,超高频,高价值,1.0,1.0,1.0,28.1,有负债
415,男,1945-04-01,46,53,46-55,216,2782005,1,超高频,高价值,1.0,1.0,0.0,28.1,有负债
423,男,1957-06-23,37,41,36-45,419,3061604,1,超高频,高价值,0.0,0.0,0.0,72.7,无负债
424,男,1947-10-08,1,51,46-55,379,3945724,1,超高频,高价值,1.0,0.0,0.0,61.5,无负债
439,女,1968-09-12,51,30,26-35,468,3590929,1,超高频,高价值,0.0,0.0,1.0,71.1,无负债
441,男,1959-09-14,1,39,36-45,336,4666576,1,超高频,高价值,0.0,0.0,1.0,56.7,无负债
444,女,1960-08-01,74,38,36-45,466,2330754,1,超高频,高价值,0.0,0.0,0.0,61.5,无负债
454,女,1949-06-15,38,49,46-55,371,3577530,1,超高频,高价值,0.0,0.0,0.0,72.8,无负债
456,男,1940-02-28,25,58,>55,265,2401259,1,超高频,高价值,0.0,0.0,0.0,46.6,无负债
457,男,1950-09-26,70,48,46-55,332,4330014,1,超高频,高价值,0.0,0.0,1.0,53.2,无负债
458,男,1961-07-24,68,37,36-45,344,3926908,1,超高频,高价值,1.0,1.0,0.0,29.8,有负债
471,男,1977-01-11,44,21,≤25,273,4524449,1,超高频,高价值,0.0,0.0,1.0,35.0,无负债
474,男,1949-05-31,46,49,46-55,295,2513619,1,超高频,高价值,0.0,0.0,1.0,47.6,无负债
476,女,1947-06-01,1,51,46-55,445,3310264,1,超高频,高价值,0.0,0.0,0.0,70.7,无负债
477,男,1954-07-20,1,44,36-45,445,3310264,1,超高频,高价值,0.0,0.0,0.0,70.7,无负债
478,男,1978-06-21,21,20,≤25,596,3468135,1,超高频,高价值,0.0,0.0,0.0,70.8,无负债
479,男,1947-08-20,11,51,46-55,324,4138786,1,超高频,高价值,0.0,0.0,0.0,63.1,无负债
480,女,1946-01-24,11,52,46-55,324,4138786,1,超高频,高价值,0.0,0.0,0.0,63.1,无负债
489,男,1940-10-07,41,58,>55,312,3102931,1,超高频,高价值,0.0,0.0,1.0,44.8,无负债
496,女,1951-05-21,70,47,46-55,416,2842634,1,超高频,高价值,0.0,0.0,1.0,71.9,无负债
503,男,1959-07-24,73,39,36-45,186,2470786,1,超高频,高价值,0.0,0.0,1.0,35.7,无负债
508,男,1971-04-28,53,27,26-35,245,2788859,1,超高频,高价值,0.0,0.0,1.0,52.9,无负债
512,女,1965-08-03,60,33,26-35,444,3107455,1,超高频,高价值,1.0,0.0,0.0,62.0,无负债
513,女,1974-01-11,8,24,≤25,313,2609807,1,超高频,高价值,0.0,0.0,1.0,54.1,无负债
514,男,1968-11-15,8,30,26-35,313,2609807,1,超高频,高价值,0.0,0.0,0.0,54.1,无负债
526,男,1964-02-01,43,34,26-35,424,3108517,1,超高频,高价值,0.0,0.0,0.0,61.8,无负债
527,女,1966-08-18,43,32,26-35,424,3108517,1,超高频,高价值,0.0,0.0,0.0,61.8,无负债
531,男,1976-10-04,27,22,≤25,447,5860455,1,超高频,高价值,0.0,0.0,1.0,61.4,无负债
532,女,1980-09-03,27,18,≤25,447,5860455,1,超高频,高价值,0.0,0.0,0.0,61.4,无负债
536,男,1939-08-25,47,59,>55,408,2688845,1,超高频,高价值,0.0,0.0,0.0,66.1,无负债
537,男,1935-01-16,1,64,>55,394,3432069,1,超高频,高价值,0.0,0.0,1.0,67.5,无负债
544,男,1948-11-16,63,50,46-55,251,2519526,1,超高频,高价值,0.0,0.0,0.0,37.6,无负债
548,男,1937-12-04,49,61,>55,387,7338642,1,超高频,高价值,0.0,0.0,1.0,72.4,无负债
556,男,1946-07-08,29,52,46-55,356,2758831,1,超高频,高价值,0.0,0.0,0.0,62.6,无负债
568,女,1960-07-19,8,38,36-45,159,2791008,1,超高频,高价值,1.0,0.0,0.0,27.1,无负债
574,男,1972-12-25,1,26,26-35,543,2506704,1,超高频,高价值,0.0,0.0,0.0,72.2,无负债
575,男,1970-04-04,58,28,26-35,282,2657419,1,超高频,高价值,0.0,0.0,1.0,54.3,无负债
576,女,1974-05-12,58,24,≤25,282,2657419,1,超高频,高价值,0.0,0.0,0.0,54.3,无负债
583,女,1965-01-01,75,34,26-35,605,5547438,1,超高频,高价值,0.0,0.0,0.0,72.9,无负债
588,女,1960-10-20,61,38,36-45,382,2367304,1,超高频,高价值,0.0,0.0,1.0,68.5,无负债
593,女,1954-07-10,60,44,36-45,471,4308226,1,超高频,高价值,0.0,0.0,1.0,70.7,无负债
597,男,1943-02-22,55,55,46-55,396,3173808,1,超高频,高价值,0.0,0.0,1.0,69.6,无负债
598,男,1970-12-31,1,28,26-35,309,2852288,1,超高频,高价值,0.0,0.0,0.0,62.2,无负债
599,女,1977-05-18,1,21,≤25,309,2852288,1,超高频,高价值,0.0,0.0,0.0,62.2,无负债
603,女,1966-03-09,13,32,26-35,233,2600969,1,超高频,高价值,1.0,1.0,0.0,38.9,有负债
613,女,1977-08-10,1,21,≤25,456,3293486,1,超高频,高价值,0.0,0.0,0.0,68.0,无负债
621,男,1939-03-17,54,59,>55,357,3222907,1,超高频,高价值,0.0,0.0,0.0,64.2,无负债
626,男,1980-04-13,9,18,≤25,334,5187518,1,超高频,高价值,0.0,0.0,1.0,39.4,无负债
640,男,1979-04-15,26,19,≤25,199,3332298,1,超高频,高价值,0.0,0.0,0.0,40.6,无负债
644,女,1961-04-23,35,37,36-45,414,2459113,1,超高频,高价值,0.0,0.0,0.0,56.1,无负债
649,女,1978-05-02,13,20,≤25,353,4099494,1,超高频,高价值,0.0,0.0,1.0,71.5,无负债
652,男,1938-12-08,61,60,>55,481,2794742,1,超高频,高价值,0.0,0.0,1.0,65.6,无负债
668,女,1942-12-25,1,56,>55,503,3306321,1,超高频,高价值,0.0,0.0,0.0,68.6,无负债
686,女,1971-10-03,32,27,26-35,439,2419062,1,超高频,高价值,0.0,0.0,0.0,58.0,无负债
687,男,1975-01-28,32,23,≤25,439,2419062,1,超高频,高价值,0.0,0.0,0.0,58.0,无负债
689,男,1964-08-02,70,34,26-35,370,5774256,1,超高频,高价值,0.0,0.0,0.0,66.0,无负债
715,女,1952-01-15,1,46,46-55,348,2593683,1,超高频,高价值,0.0,0.0,0.0,61.8,无负债
731,女,1979-01-22,74,19,≤25,253,2914228,1,超高频,高价值,0.0,0.0,1.0,53.5,无负债
732,男,1978-07-05,74,20,≤25,253,2914228,1,超高频,高价值,0.0,0.0,0.0,53.5,无负债
750,女,1956-09-29,70,42,36-45,392,5643718,1,超高频,高价值,0.0,0.0,0.0,63.6,无负债
751,男,1959-03-09,70,39,36-45,213,3182180,1,超高频,高价值,0.0,0.0,0.0,42.3,无负债
754,女,1947-06-04,63,51,46-55,426,3389138,1,超高频,高价值,0.0,0.0,0.0,71.9,无负债
762,男,1937-04-20,21,61,>55,425,3544777,1,超高频,高价值,0.0,0.0,0.0,53.1,无负债
778,男,1940-06-04,13,58,>55,354,2578868,1,超高频,高价值,0.0,0.0,1.0,62.6,无负债
779,女,1944-06-12,69,54,46-55,322,3981441,1,超高频,高价值,0.0,0.0,0.0,56.3,无负债
781,男,1945-09-20,72,53,46-55,388,2665833,1,超高频,高价值,0.0,0.0,0.0,62.0,无负债
786,男,1978-09-06,53,20,≤25,606,3520117,1,超高频,高价值,0.0,0.0,1.0,70.3,无负债
822,女,1959-05-08,37,39,36-45,219,2812760,1,超高频,高价值,0.0,0.0,1.0,48.6,无负债
826,男,1978-01-23,1,20,≤25,289,2437769,1,超高频,高价值,0.0,0.0,1.0,32.7,无负债
835,女,1943-10-20,28,55,46-55,399,3299898,1,超高频,高价值,0.0,0.0,0.0,71.3,无负债
836,男,1948-06-14,28,50,46-55,399,3299898,1,超高频,高价值,0.0,0.0,0.0,71.3,无负债
839,女,1955-05-18,47,43,36-45,347,4886634,1,超高频,高价值,0.0,0.0,0.0,64.4,无负债
844,男,1945-01-14,22,54,46-55,479,2674921,1,超高频,高价值,0.0,0.0,0.0,73.0,无负债
845,女,1953-01-30,22,45,36-45,479,2674921,1,超高频,高价值,0.0,0.0,0.0,73.0,无负债
850,男,1969-09-21,19,29,26-35,281,2868898,1,超高频,高价值,0.0,0.0,0.0,54.0,无负债
859,女,1968-07-29,1,30,26-35,391,3020929,1,超高频,高价值,0.0,0.0,1.0,69.3,无负债
860,男,1967-12-08,1,31,26-35,391,3020929,1,超高频,高价值,0.0,0.0,0.0,69.3,无负债
861,女,1956-09-13,1,42,36-45,281,2782388,1,超高频,高价值,1.0,1.0,1.0,34.5,有负债
876,男,1960-11-25,1,38,36-45,413,5678844,1,超高频,高价值,0.0,0.0,1.0,65.1,无负债
880,男,1960-02-17,49,38,36-45,274,3936513,1,超高频,高价值,0.0,0.0,0.0,44.2,无负债
886,男,1948-02-02,34,50,46-55,512,3315800,1,超高频,高价值,0.0,0.0,1.0,67.3,无负债
900,男,1977-04-10,73,21,≤25,372,2311774,1,超高频,高价值,0.0,0.0,1.0,64.6,无负债
924,男,1953-07-12,1,45,36-45,558,3661859,1,超高频,高价值,0.0,0.0,0.0,72.4,无负债
938,女,1944-08-07,59,54,46-55,476,2815509,1,超高频,高价值,0.0,0.0,0.0,57.3,无负债
946,男,1951-08-06,54,47,46-55,406,3769526,1,超高频,高价值,1.0,0.0,1.0,68.7,无负债
962,男,1966-02-19,19,32,26-35,206,2584437,1,超高频,高价值,0.0,0.0,0.0,40.3,无负债
980,男,1961-09-30,40,37,36-45,493,5550776,1,超高频,高价值,1.0,1.0,0.0,65.8,有负债
981,男,1960-06-28,5,38,36-45,361,2622729,1,超高频,高价值,1.0,1.0,0.0,58.3,有负债
999,女,1966-09-01,74,32,26-35,318,2505469,1,超高频,高价值,0.0,0.0,1.0,71.8,无负债
1000,男,1961-10-27,74,37,36-45,318,2505469,1,超高频,高价值,0.0,0.0,0.0,71.8,无负债
1008,男,1956-07-06,6,42,36-45,366,2915891,1,超高频,高价值,0.0,0.0,0.0,64.4,无负债
1011,男,1939-07-13,16,59,>55,254,2466118,1,超高频,高价值,0.0,0.0,1.0,48.2,无负债
1018,男,1945-02-28,53,53,46-55,375,5667838,1,超高频,高价值,0.0,0.0,1.0,57.0,无负债
1020,女,1977-05-10,72,21,≤25,229,2848825,1,超高频,高价值,1.0,1.0,1.0,34.3,有负债
1025,男,1964-07-08,15,34,26-35,358,3371308,1,超高频,高价值,0.0,0.0,0.0,52.0,无负债
1038,女,1961-09-23,69,37,36-45,413,2506398,1,超高频,高价值,0.0,0.0,0.0,64.5,无负债
1039,女,1980-10-11,70,18,≤25,446,6774351,1,超高频,高价值,0.0,0.0,1.0,72.0,无负债
1040,男,1960-06-17,1,38,36-45,491,5897580,1,超高频,高价值,0.0,0.0,1.0,68.5,无负债
1066,男,1940-10-18,1,58,>55,444,2959780,1,超高频,高价值,0.0,0.0,1.0,67.2,无负债
1067,男,1952-05-14,1,46,46-55,385,2625536,1,超高频,高价值,0.0,0.0,1.0,67.3,无负债
1080,女,1950-10-06,54,48,46-55,491,4782168,1,超高频,高价值,0.0,0.0,1.0,69.2,无负债
1102,男,1935-01-29,72,63,>55,330,3941759,1,超高频,高价值,1.0,1.0,0.0,48.1,有负债
1114,男,1980-06-18,59,18,≤25,372,2789298,1,超高频,高价值,0.0,0.0,0.0,71.3,无负债
1133,女,1958-09-15,37,40,36-45,297,4031951,1,超高频,高价值,1.0,1.0,1.0,50.3,有负债
1134,男,1959-10-01,37,39,36-45,297,4031951,1,超高频,高价值,1.0,1.0,0.0,50.3,有负债
1138,女,1970-09-30,70,28,26-35,410,2559037,1,超高频,高价值,0.0,0.0,0.0,70.8,无负债
1139,男,1973-09-22,70,25,≤25,410,2559037,1,超高频,高价值,0.0,0.0,0.0,70.8,无负债
1146,男,1965-11-14,54,33,26-35,359,2939331,1,超高频,高价值,0.0,0.0,1.0,65.1,无负债
1157,女,1958-12-30,4,40,36-45,369,4387312,1,超高频,高价值,1.0,1.0,1.0,50.7,有负债
1174,女,1970-03-13,29,28,26-35,279,3086592,1,超高频,高价值,0.0,0.0,0.0,59.0,无负债
1180,男,1944-10-06,21,54,46-55,404,2702581,1,超高频,高价值,0.0,0.0,0.0,71.5,无负债
1195,女,1939-01-22,39,59,>55,390,3078154,1,超高频,高价值,0.0,0.0,0.0,68.5,无负债
1202,女,1980-10-11,47,18,≤25,341,3323377,1,超高频,高价值,0.0,0.0,1.0,62.6,无负债
1204,女,1974-11-09,77,24,≤25,584,4779772,1,超高频,高价值,0.0,0.0,0.0,72.2,无负债
1208,女,1975-09-01,70,23,≤25,210,3070262,1,超高频,高价值,1.0,1.0,0.0,30.4,有负债
1209,女,1957-04-09,36,41,36-45,420,5339154,1,超高频,高价值,0.0,0.0,0.0,71.3,无负债
1213,男,1966-04-28,1,32,26-35,252,3872823,1,超高频,高价值,0.0,0.0,1.0,41.6,无负债
1214,男,1940-11-15,61,58,>55,289,3551897,1,超高频,高价值,0.0,0.0,0.0,44.7,无负债
1216,女,1945-06-12,65,53,46-55,412,3092212,1,超高频,高价值,1.0,1.0,0.0,54.6,有负债
1220,女,1953-12-16,40,45,36-45,428,2830889,1,超高频,高价值,0.0,0.0,1.0,64.0,无负债
1221,女,1973-05-18,14,25,≤25,351,2367788,1,超高频,高价值,0.0,0.0,0.0,53.5,无负债
1223,女,1955-08-13,14,43,36-45,557,3049994,1,超高频,高价值,0.0,0.0,1.0,72.4,无负债
1226,女,1951-04-14,33,47,46-55,287,3370390,1,超高频,高价值,0.0,0.0,0.0,53.8,无负债
1227,男,1955-10-02,33,43,36-45,287,3370390,1,超高频,高价值,0.0,0.0,0.0,53.8,无负债
1228,女,1949-08-28,21,49,46-55,280,2524519,1,超高频,高价值,0.0,0.0,1.0,65.6,无负债
1236,女,1967-04-28,26,31,26-35,268,3496135,1,超高频,高价值,0.0,0.0,0.0,30.7,无负债
1239,女,1976-09-09,11,22,≤25,401,7327524,1,超高频,高价值,0.0,0.0,1.0,69.2,无负债
1246,男,1962-11-19,70,36,36-45,420,5955595,1,超高频,高价值,0.0,0.0,1.0,68.7,无负债
1247,女,1969-10-09,70,29,26-35,420,5955595,1,超高频,高价值,0.0,0.0,0.0,68.7,无负债
1260,女,1945-01-03,57,54,46-55,421,3806548,1,超高频,高价值,0.0,0.0,0.0,71.2,无负债
1261,男,1951-09-28,57,47,46-55,421,3806548,1,超高频,高价值,0.0,0.0,0.0,71.2,无负债
1275,女,1951-10-10,1,47,46-55,360,3265771,1,超高频,高价值,0.0,0.0,0.0,66.7,无负债
1279,男,1956-07-11,16,42,36-45,165,2670734,1,超高频,高价值,0.0,0.0,0.0,27.9,无负债
1280,男,1952-05-08,34,46,46-55,187,2845629,1,超高频,高价值,0.0,0.0,1.0,28.1,无负债
1281,女,1949-12-28,34,49,46-55,187,2845629,1,超高频,高价值,0.0,0.0,0.0,28.1,无负债
1286,女,1950-03-13,52,48,46-55,393,3758239,1,超高频,高价值,1.0,1.0,0.0,68.7,有负债
1295,女,1944-02-09,74,54,46-55,374,3724874,1,超高频,高价值,0.0,0.0,0.0,64.5,无负债
1296,女,1959-08-01,55,39,36-45,353,3101983,1,超高频,高价值,0.0,0.0,1.0,61.0,无负债
1311,女,1956-12-18,54,42,36-45,243,3633407,1,超高频,高价值,1.0,1.0,0.0,36.1,有负债
1327,女,1963-12-31,20,35,26-35,379,3544932,1,超高频,高价值,1.0,0.0,0.0,65.0,无负债
1335,女,1961-01-25,1,37,36-45,324,3047229,1,超高频,高价值,0.0,0.0,0.0,62.5,无负债
1336,男,1962-11-04,1,36,36-45,324,3047229,1,超高频,高价值,0.0,0.0,0.0,62.5,无负债
1349,女,1968-01-07,26,31,26-35,261,3283503,1,超高频,高价值,0.0,0.0,0.0,31.4,无负债
1353,男,1959-02-13,27,39,36-45,412,3579862,1,超高频,高价值,0.0,0.0,1.0,72.2,无负债
1355,女,1976-02-01,35,22,≤25,310,2416845,1,超高频,高价值,0.0,0.0,0.0,46.7,无负债
1359,女,1951-09-04,1,47,46-55,414,7386444,1,超高频,高价值,0.0,0.0,1.0,71.9,无负债
1360,男,1946-08-19,1,52,46-55,414,7386444,1,超高频,高价值,0.0,0.0,0.0,71.9,无负债
1366,女,1980-03-02,12,18,≤25,438,4295231,1,超高频,高价值,0.0,0.0,0.0,65.8,无负债
1370,女,1965-01-11,34,33,26-35,266,2920947,1,超高频,高价值,0.0,0.0,0.0,35.9,无负债
1378,女,1941-11-25,74,57,>55,428,3040758,1,超高频,高价值,0.0,0.0,1.0,64.6,无负债
1379,男,1937-02-18,74,61,>55,428,3040758,1,超高频,高价值,0.0,0.0,0.0,64.6,无负债
1380,女,1953-07-29,44,45,36-45,341,3338242,1,超高频,高价值,0.0,0.0,1.0,69.7,无负债
1404,女,1968-12-20,11,30,26-35,447,2752895,1,超高频,高价值,1.0,1.0,0.0,69.4,有负债
1408,男,1969-08-07,49,29,26-35,424,4087580,1,超高频,高价值,0.0,0.0,0.0,58.9,无负债
1427,女,1965-12-16,14,33,26-35,299,4467834,1,超高频,高价值,0.0,0.0,0.0,56.7,无负债
1440,男,1978-01-17,1,20,≤25,332,2648988,1,超高频,高价值,0.0,0.0,1.0,57.4,无负债
1443,男,1935-01-25,29,63,>55,194,2476469,1,超高频,高价值,0.0,0.0,0.0,36.0,无负债
1444,女,1942-07-14,29,56,>55,194,2476469,1,超高频,高价值,0.0,0.0,0.0,36.0,无负债
1449,男,1949-06-29,41,49,46-55,520,3429823,1,超高频,高价值,0.0,0.0,0.0,68.8,无负债
1453,女,1966-03-29,29,32,26-35,410,3091268,1,超高频,高价值,0.0,0.0,1.0,61.8,无负债
1458,男,1938-04-08,67,60,>55,394,2781968,1,超高频,高价值,0.0,0.0,0.0,67.8,无负债
1478,男,1969-08-21,4,29,26-35,302,2419372,1,超高频,高价值,0.0,0.0,1.0,61.5,无负债
1492,女,1968-05-09,9,30,26-35,348,4565131,1,超高频,高价值,0.0,0.0,1.0,58.5,无负债
1505,女,1971-06-25,65,27,26-35,429,4873649,1,超高频,高价值,1.0,0.0,0.0,67.8,无负债
1513,男,1959-08-21,74,39,36-45,268,3472154,1,超高频,高价值,0.0,0.0,0.0,45.8,无负债
1524,女,1962-01-13,30,36,36-45,193,2320714,1,超高频,高价值,0.0,0.0,0.0,36.3,无负债
1536,女,1967-10-13,37,31,26-35,327,2488324,1,超高频,高价值,0.0,0.0,1.0,58.1,无负债
1555,男,1950-09-14,30,48,46-55,393,2757802,1,超高频,高价值,0.0,0.0,0.0,67.9,无负债
1556,男,1950-04-02,66,48,46-55,468,6610669,1,超高频,高价值,0.0,0.0,0.0,62.2,无负债
1569,女,1956-07-17,54,42,36-45,444,2823617,1,超高频,高价值,0.0,0.0,0.0,66.1,无负债
1570,男,1958-06-17,54,40,36-45,444,2823617,1,超高频,高价值,0.0,0.0,0.0,66.1,无负债
1583,女,1972-01-08,1,27,26-35,257,3786419,1,超高频,高价值,0.0,0.0,1.0,45.2,无负债
1613,男,1961-01-15,50,37,36-45,407,3307159,1,超高频,高价值,0.0,0.0,0.0,70.3,无负债
1619,女,1942-01-27,74,56,>55,592,4791816,1,超高频,高价值,0.0,0.0,0.0,72.7,无负债
1620,男,1936-05-15,74,62,>55,592,4791816,1,超高频,高价值,0.0,0.0,0.0,72.7,无负债
1628,女,1957-03-25,12,41,36-45,219,3443314,1,超高频,高价值,0.0,0.0,0.0,42.2,无负债
1629,男,1966-09-01,28,32,26-35,420,3057288,1,超高频,高价值,0.0,0.0,1.0,63.3,无负债
1630,女,1964-02-19,28,34,26-35,420,3057288,1,超高频,高价值,0.0,0.0,0.0,63.3,无负债
1639,女,1959-05-01,1,39,36-45,432,2714418,1,超高频,高价值,0.0,0.0,0.0,52.0,无负债
1662,男,1967-09-07,53,31,26-35,166,2851979,1,超高频,高价值,1.0,1.0,0.0,27.6,有负债
1663,男,1957-04-29,19,41,36-45,358,2428534,1,超高频,高价值,1.0,1.0,0.0,57.0,有负债
1668,女,1949-08-17,20,49,46-55,600,3655529,1,超高频,高价值,0.0,0.0,1.0,71.0,无负债
1680,女,1975-03-28,29,23,≤25,243,2547115,1,超高频,高价值,0.0,0.0,1.0,56.8,无负债
1685,女,1944-04-21,61,54,46-55,441,3428860,1,超高频,高价值,0.0,0.0,0.0,69.1,无负债
1690,女,1947-08-17,46,51,46-55,196,2559364,1,超高频,高价值,0.0,0.0,1.0,30.6,无负债
1691,女,1978-02-08,21,20,≤25,403,2607210,1,超高频,高价值,0.0,0.0,1.0,70.4,无负债
1700,男,1949-03-09,7,49,46-55,559,3675552,1,超高频,高价值,0.0,0.0,0.0,64.2,无负债
1701,女,1945-06-11,7,53,46-55,559,3675552,1,超高频,高价值,0.0,0.0,0.0,64.2,无负债
1705,女,1946-07-01,19,52,46-55,182,2589206,1,超高频,高价值,1.0,1.0,0.0,21.0,有负债
1706,男,1944-07-19,19,54,46-55,182,2589206,1,超高频,高价值,1.0,1.0,0.0,21.0,有负债
1709,女,1952-12-13,74,46,46-55,380,2845706,1,超高频,高价值,0.0,0.0,0.0,64.6,无负债
1717,女,1979-03-07,73,19,≤25,344,4174281,1,超高频,高价值,0.0,0.0,0.0,66.6,无负债
1718,男,1938-07-27,75,60,>55,279,2461501,1,超高频,高价值,0.0,0.0,1.0,49.1,无负债
1750,男,1964-12-31,23,34,26-35,384,2638206,1,超高频,高价值,0.0,0.0,0.0,68.3,无负债
1762,男,1956-12-30,61,42,36-45,434,5975505,1,超高频,高价值,0.0,0.0,1.0,64.1,无负债
1765,男,1975-08-03,9,23,≤25,222,3965454,1,超高频,高价值,0.0,0.0,1.0,33.1,无负债
1772,女,1979-09-21,73,19,≤25,202,2987433,1,超高频,高价值,0.0,0.0,0.0,33.3,无负债
1775,男,1943-12-08,73,55,46-55,169,2845271,1,超高频,高价值,0.0,0.0,0.0,26.7,无负债
1779,男,1935-11-26,37,63,>55,297,2342328,1,超高频,高价值,0.0,0.0,1.0,57.0,无负债
1788,男,1950-03-23,1,48,46-55,390,3289272,1,超高频,高价值,0.0,0.0,0.0,67.6,无负债
1799,男,1959-06-26,36,39,36-45,441,3420704,1,超高频,高价值,0.0,0.0,1.0,63.9,无负债
1812,女,1947-05-17,36,51,46-55,407,3290725,1,超高频,高价值,0.0,0.0,1.0,62.9,无负债
1813,男,1949-09-28,36,49,46-55,407,3290725,1,超高频,高价值,0.0,0.0,0.0,62.9,无负债
1826,男,1937-09-12,13,61,>55,379,2981314,1,超高频,高价值,0.0,0.0,1.0,65.9,无负债
1827,女,1941-08-16,13,57,>55,379,2981314,1,超高频,高价值,0.0,0.0,0.0,65.9,无负债
1831,男,1976-10-09,51,22,≤25,335,4931198,1,超高频,高价值,0.0,0.0,1.0,58.5,无负债
1836,女,1944-03-07,36,54,46-55,540,3950631,1,超高频,高价值,0.0,0.0,1.0,67.7,无负债
1841,女,1953-03-23,67,45,36-45,342,2487211,1,超高频,高价值,0.0,0.0,0.0,69.4,无负债
1851,女,1975-09-12,31,23,≤25,389,3678761,1,超高频,高价值,1.0,0.0,0.0,62.4,无负债
1862,女,1977-10-09,50,21,≤25,427,4318741,1,超高频,高价值,0.0,0.0,0.0,72.3,无负债
1864,男,1948-03-14,22,50,46-55,199,3545804,1,超高频,高价值,0.0,0.0,1.0,27.8,无负债
1865,女,1949-06-09,22,49,46-55,199,3545804,1,超高频,高价值,0.0,0.0,0.0,27.8,无负债
1866,女,1942-06-11,64,56,>55,452,3634526,1,超高频,高价值,0.0,0.0,0.0,73.0,无负债
1872,女,1963-01-24,52,35,26-35,451,2677871,1,超高频,高价值,0.0,0.0,0.0,66.6,无负债
1873,男,1968-10-26,52,30,26-35,451,2677871,1,超高频,高价值,0.0,0.0,0.0,66.6,无负债
1874,男,1946-10-20,1,52,46-55,429,3278742,1,超高频,高价值,0.0,0.0,0.0,70.8,无负债
1876,男,1951-07-01,1,47,46-55,299,3113698,1,超高频,高价值,0.0,0.0,1.0,64.5,无负债
1883,女,1961-10-27,18,37,36-45,337,3153128,1,超高频,高价值,0.0,0.0,1.0,60.8,无负债
1890,女,1955-08-14,14,43,36-45,293,2520041,1,超高频,高价值,0.0,0.0,1.0,51.5,无负债
1913,男,1968-04-15,69,30,26-35,208,2358466,1,超高频,高价值,1.0,1.0,1.0,36.3,有负债
1917,女,1969-03-13,69,29,26-35,339,3824772,1,超高频,高价值,1.0,0.0,0.0,50.2,无负债
1946,男,1935-07-19,72,63,>55,441,6027830,1,超高频,高价值,0.0,0.0,1.0,61.4,无负债
1952,女,1971-03-09,52,27,26-35,408,3871848,1,超高频,高价值,0.0,0.0,0.0,68.5,无负债
1953,男,1965-09-22,52,33,26-35,408,3871848,1,超高频,高价值,0.0,0.0,0.0,68.5,无负债
1971,女,1969-03-14,3,29,26-35,264,2444847,1,超高频,高价值,0.0,0.0,1.0,58.4,无负债
1978,女,1952-05-22,18,46,46-55,221,3506505,1,超高频,高价值,0.0,0.0,0.0,36.1,无负债
1981,女,1970-09-22,19,28,26-35,348,2350994,1,超高频,高价值,0.0,0.0,0.0,61.0,无负债
1989,女,1939-01-13,50,60,>55,292,3621261,1,超高频,高价值,0.0,0.0,0.0,32.8,无负债
1990,男,1943-11-25,50,55,46-55,292,3621261,1,超高频,高价值,0.0,0.0,0.0,32.8,无负债
1996,男,1937-03-20,1,61,>55,267,3273199,1,超高频,高价值,0.0,0.0,0.0,31.6,无负债
2004,女,1974-02-03,1,24,≤25,276,2640546,1,超高频,高价值,0.0,0.0,0.0,52.2,无负债
2013,女,1940-07-10,1,58,>55,203,2551638,1,超高频,高价值,0.0,0.0,1.0,39.9,无负债
2018,女,1945-08-25,56,53,46-55,344,2931976,1,超高频,高价值,0.0,0.0,0.0,62.4,无负债
2038,女,1980-03-29,1,18,≤25,479,3475489,1,超高频,高价值,0.0,0.0,1.0,71.3,无负债
2040,男,1944-08-07,59,54,46-55,350,2535491,1,超高频,高价值,0.0,0.0,0.0,61.6,无负债
2044,女,1961-09-18,32,37,36-45,304,3238242,1,超高频,高价值,0.0,0.0,0.0,66.7,无负债
2057,女,1976-01-02,6,23,≤25,371,5169796,1,超高频,高价值,0.0,0.0,0.0,65.0,无负债
2058,男,1971-03-02,76,27,26-35,459,6288996,1,超高频,高价值,0.0,0.0,1.0,73.0,无负债
2066,男,1972-10-27,1,26,26-35,389,4288597,1,超高频,高价值,0.0,0.0,0.0,65.7,无负债
2092,男,1945-03-21,72,53,46-55,237,4352251,1,超高频,高价值,0.0,0.0,0.0,42.6,无负债
2121,男,1979-09-25,64,19,≤25,233,3747285,1,超高频,高价值,0.0,0.0,1.0,39.2,无负债
2122,女,1970-07-17,1,28,26-35,490,3906299,1,超高频,高价值,0.0,0.0,1.0,72.2,无负债
2126,女,1975-03-28,52,23,≤25,147,2347336,1,超高频,高价值,0.0,0.0,1.0,25.4,无负债
2129,男,1962-12-07,75,36,36-45,241,4297877,1,超高频,高价值,0.0,0.0,0.0,45.9,无负债
2136,女,1940-07-24,28,58,>55,490,2516447,1,超高频,高价值,1.0,1.0,0.0,61.6,有负债
2142,女,1941-12-20,21,57,>55,448,2588886,1,超高频,高价值,0.0,0.0,0.0,63.3,无负债
2143,男,1948-11-12,21,50,46-55,448,2588886,1,超高频,高价值,0.0,0.0,0.0,63.3,无负债
2146,男,1973-01-04,65,26,26-35,347,2669912,1,超高频,高价值,0.0,0.0,1.0,59.6,无负债
2148,女,1953-07-20,31,45,36-45,330,4837991,1,超高频,高价值,1.0,1.0,0.0,47.0,有负债
2156,女,1966-12-27,33,32,26-35,507,3330456,1,超高频,高价值,0.0,0.0,1.0,65.5,无负债
2157,男,1945-11-17,11,53,46-55,414,3758411,1,超高频,高价值,0.0,0.0,1.0,70.0,无负债
2164,男,1941-10-29,47,57,>55,389,2628700,1,超高频,高价值,0.0,0.0,1.0,68.2,无负债
2165,女,1945-03-02,47,53,46-55,389,2628700,1,超高频,高价值,0.0,0.0,0.0,68.2,无负债
2166,女,1947-07-22,30,51,46-55,403,4108893,1,超高频,高价值,1.0,0.0,0.0,70.4,无负债
2181,男,1968-07-22,46,30,26-35,633,4751851,1,超高频,高价值,1.0,1.0,0.0,71.6,有负债
2185,女,1957-06-20,20,41,36-45,351,3919168,1,超高频,高价值,0.0,0.0,0.0,64.2,无负债
2186,女,1942-07-26,48,56,>55,386,3677246,1,超高频,高价值,0.0,0.0,0.0,72.0,无负债
2192,女,1956-04-12,1,42,36-45,459,2870508,1,超高频,高价值,0.0,0.0,0.0,62.5,无负债
2193,男,1952-07-26,1,46,46-55,459,2870508,1,超高频,高价值,0.0,0.0,0.0,62.5,无负债
2195,女,1942-09-13,68,56,>55,470,3371937,1,超高频,高价值,1.0,1.0,0.0,64.2,有负债
2197,女,1962-12-10,47,36,36-45,478,6083706,1,超高频,高价值,0.0,0.0,0.0,59.5,无负债
2200,男,1953-07-31,66,45,36-45,464,2642249,1,超高频,高价值,0.0,0.0,0.0,69.5,无负债
2212,男,1972-05-27,52,26,26-35,397,3034034,1,超高频,高价值,0.0,0.0,0.0,60.3,无负债
2214,男,1946-11-07,5,52,46-55,301,2332697,1,超高频,高价值,0.0,0.0,1.0,56.2,无负债
2216,女,1972-07-04,1,26,26-35,464,4602285,1,超高频,高价值,0.0,0.0,0.0,51.9,无负债
2217,男,1974-02-20,1,24,≤25,464,4602285,1,超高频,高价值,0.0,0.0,0.0,51.9,无负债
2225,女,1960-11-06,4,38,36-45,390,2553934,1,超高频,高价值,0.0,0.0,0.0,65.9,无负债
2228,女,1940-03-20,43,58,>55,394,3162970,1,超高频,高价值,0.0,0.0,0.0,67.2,无负债
2229,男,1944-09-07,68,54,46-55,261,2595653,1,超高频,高价值,0.0,0.0,0.0,56.0,无负债
2235,女,1940-04-20,14,58,>55,462,2764477,1,超高频,高价值,1.0,1.0,1.0,72.1,有负债
2259,女,1950-01-02,19,49,46-55,275,3798563,1,超高频,高价值,1.0,1.0,1.0,45.2,有负债
2268,男,1938-12-26,10,60,>55,237,2479069,1,超高频,高价值,0.0,0.0,1.0,55.0,无负债
2269,女,1963-11-10,48,35,26-35,286,2802350,1,超高频,高价值,0.0,0.0,0.0,56.6,无负债
2297,男,1965-01-18,48,33,26-35,185,2605725,1,超高频,高价值,0.0,0.0,0.0,29.8,无负债
2298,女,1969-05-15,48,29,26-35,185,2605725,1,超高频,高价值,0.0,0.0,0.0,29.8,无负债
2302,男,1957-01-26,74,41,36-45,371,3984640,1,超高频,高价值,0.0,0.0,0.0,63.8,无负债
2303,女,1939-04-01,61,59,>55,278,3522653,1,超高频,高价值,0.0,0.0,0.0,34.4,无负债
2304,男,1939-02-11,61,59,>55,278,3522653,1,超高频,高价值,0.0,0.0,0.0,34.4,无负债
2329,男,1973-01-02,18,26,26-35,333,2655980,1,超高频,高价值,0.0,0.0,1.0,49.6,无负债
2351,男,1965-04-17,38,33,26-35,143,3011964,1,超高频,高价值,0.0,0.0,0.0,29.0,无负债
2354,男,1967-12-21,1,31,26-35,315,2781702,1,超高频,高价值,0.0,0.0,0.0,55.0,无负债
2355,女,1948-06-30,6,50,46-55,228,3411757,1,超高频,高价值,0.0,0.0,0.0,32.9,无负债
2363,男,1947-06-18,43,51,46-55,411,2717190,1,超高频,高价值,0.0,0.0,1.0,71.6,无负债
2368,女,1943-12-22,64,55,46-55,255,2877912,1,超高频,高价值,0.0,0.0,0.0,33.3,无负债
2369,男,1940-12-19,64,58,>55,255,2877912,1,超高频,高价值,0.0,0.0,0.0,33.3,无负债
2387,女,1945-07-16,77,53,46-55,258,3351085,1,超高频,高价值,0.0,0.0,0.0,34.7,无负债
2390,男,1938-05-13,57,60,>55,441,4724354,1,超高频,高价值,0.0,0.0,0.0,71.8,无负债
2391,男,1942-01-24,1,56,>55,423,3138253,1,超高频,高价值,0.0,0.0,0.0,71.6,无负债
2392,男,1955-05-21,26,43,36-45,302,3681220,1,超高频,高价值,1.0,1.0,0.0,47.3,有负债
2395,男,1953-03-11,8,45,36-45,412,2924550,1,超高频,高价值,0.0,0.0,1.0,61.7,无负债
2403,女,1963-01-25,1,35,26-35,564,4863115,1,超高频,高价值,1.0,1.0,0.0,67.7,有负债
2414,女,1950-07-13,54,48,46-55,280,2339957,1,超高频,高价值,0.0,0.0,0.0,58.4,无负债
2415,男,1957-04-24,54,41,36-45,280,2339957,1,超高频,高价值,0.0,0.0,0.0,58.4,无负债
2423,男,1957-07-09,42,41,36-45,355,2921917,1,超高频,高价值,0.0,0.0,1.0,42.1,无负债
2428,女,1946-06-27,1,52,46-55,332,3314487,1,超高频,高价值,0.0,0.0,1.0,67.5,无负债
2429,男,1973-11-22,70,25,≤25,450,3382191,1,超高频,高价值,0.0,0.0,1.0,67.8,无负债
2431,男,1966-10-10,75,32,26-35,339,4647160,1,超高频,高价值,0.0,0.0,1.0,56.3,无负债
2433,男,1964-06-19,32,34,26-35,206,3757367,1,超高频,高价值,0.0,0.0,0.0,37.7,无负债
2440,男,1935-09-09,17,63,>55,361,2794234,1,超高频,高价值,0.0,0.0,1.0,57.4,无负债
2457,男,1940-08-17,68,58,>55,610,3567988,1,超高频,高价值,0.0,0.0,0.0,72.2,无负债
2458,女,1932-08-09,68,66,>55,610,3567988,1,超高频,高价值,0.0,0.0,0.0,72.2,无负债
2463,男,1944-12-17,7,54,46-55,217,2423687,1,超高频,高价值,0.0,0.0,0.0,49.9,无负债
2465,男,1973-10-17,51,25,≤25,275,2454843,1,超高频,高价值,0.0,0.0,0.0,52.4,无负债
2473,女,1976-10-17,20,22,≤25,438,2443602,1,超高频,高价值,0.0,0.0,0.0,68.9,无负债
2489,女,1975-01-28,64,23,≤25,224,2893258,1,超高频,高价值,1.0,0.0,1.0,38.3,无负债
2495,女,1939-12-14,58,59,>55,311,2991336,1,超高频,高价值,0.0,0.0,0.0,69.8,无负债
2501,女,1940-12-04,70,58,>55,269,3174065,1,超高频,高价值,1.0,1.0,1.0,34.4,有负债
2513,男,1941-05-08,41,57,>55,339,3251588,1,超高频,高价值,0.0,0.0,1.0,63.4,无负债
2525,女,1952-07-10,36,46,46-55,435,2933612,1,超高频,高价值,0.0,0.0,0.0,64.9,无负债
2529,男,1939-06-22,70,59,>55,160,2766711,1,超高频,高价值,0.0,0.0,1.0,29.2,无负债
2530,男,1950-02-11,8,48,46-55,380,3951963,1,超高频,高价值,0.0,0.0,0.0,72.8,无负债
2535,男,1945-01-10,1,54,46-55,290,2944862,1,超高频,高价值,0.0,0.0,0.0,56.9,无负债
2542,男,1944-12-19,3,54,46-55,393,4869955,1,超高频,高价值,0.0,0.0,1.0,72.7,无负债
2543,女,1952-08-27,3,46,46-55,393,4869955,1,超高频,高价值,0.0,0.0,0.0,72.7,无负债
2555,男,1963-09-23,42,35,26-35,298,3931484,1,超高频,高价值,0.0,0.0,1.0,47.9,无负债
2565,男,1946-05-22,64,52,46-55,309,2364256,1,超高频,高价值,0.0,0.0,0.0,49.6,无负债
2566,女,1963-03-25,29,35,26-35,470,5550802,1,超高频,高价值,0.0,0.0,0.0,72.8,无负债
2569,男,1948-04-01,69,50,46-55,476,3210802,1,超高频,高价值,0.0,0.0,1.0,71.4,无负债
2570,女,1947-06-19,69,51,46-55,476,3210802,1,超高频,高价值,0.0,0.0,0.0,71.4,无负债
2578,男,1954-07-08,76,44,36-45,309,2917017,1,超高频,高价值,0.0,0.0,0.0,63.7,无负债
2584,女,1944-12-15,4,54,46-55,332,2778362,1,超高频,高价值,0.0,0.0,0.0,65.4,无负债
2586,男,1966-05-14,8,32,26-35,335,2649392,1,超高频,高价值,0.0,0.0,0.0,43.4,无负债
2587,女,1973-01-03,8,26,26-35,335,2649392,1,超高频,高价值,0.0,0.0,0.0,43.4,无负债
2594,男,1963-07-31,55,35,26-35,220,2470249,1,超高频,高价值,0.0,0.0,0.0,42.0,无负债
2596,男,1961-10-08,31,37,36-45,428,2865745,1,超高频,高价值,0.0,0.0,0.0,67.9,无负债
2606,男,1943-01-04,31,56,>55,274,2347133,1,超高频,高价值,1.0,1.0,1.0,36.3,有负债
2623,女,1965-07-16,16,33,26-35,412,3352147,1,超高频,高价值,1.0,1.0,1.0,65.7,有负债
2626,男,1940-02-14,1,58,>55,442,6188137,1,超高频,高价值,0.0,0.0,1.0,56.3,无负债
2633,女,1967-07-12,1,31,26-35,401,4853348,1,超高频,高价值,0.0,0.0,0.0,69.2,无负债
2635,女,1966-12-10,67,32,26-35,471,4076300,1,超高频,高价值,1.0,0.0,0.0,67.8,无负债
2638,男,1942-01-07,1,57,>55,396,2986159,1,超高频,高价值,0.0,0.0,0.0,60.4,无负债
2647,男,1940-03-26,9,58,>55,222,3016414,1,超高频,高价值,1.0,1.0,0.0,34.7,有负债
2648,女,1934-10-10,9,64,>55,222,3016414,1,超高频,高价值,1.0,1.0,0.0,34.7,有负债
2650,男,1975-03-05,75,23,≤25,491,3049325,1,超高频,高价值,0.0,0.0,1.0,69.3,无负债
2651,女,1969-11-27,75,29,26-35,491,3049325,1,超高频,高价值,0.0,0.0,0.0,69.3,无负债
2652,女,1949-05-09,41,49,46-55,238,2443137,1,超高频,高价值,0.0,0.0,0.0,31.4,无负债
2673,男,1959-07-16,65,39,36-45,251,3454806,1,超高频,高价值,0.0,0.0,0.0,29.0,无负债
2674,女,1952-10-03,65,46,46-55,251,3454806,1,超高频,高价值,0.0,0.0,0.0,29.0,无负债
2684,女,1953-02-11,74,45,36-45,454,5374365,1,超高频,高价值,0.0,0.0,0.0,69.5,无负债
2686,女,1951-03-24,19,47,46-55,306,4380635,1,超高频,高价值,1.0,1.0,1.0,50.1,有负债
2687,男,1949-08-22,19,49,46-55,306,4380635,1,超高频,高价值,1.0,1.0,0.0,50.1,有负债
2688,女,1967-10-24,60,31,26-35,488,7333057,1,超高频,高价值,0.0,0.0,1.0,70.7,无负债
2691,男,1964-05-17,47,34,26-35,343,3733184,1,超高频,高价值,0.0,0.0,0.0,69.0,无负债
2698,女,1970-10-07,31,28,26-35,420,5462150,1,超高频,高价值,1.0,1.0,1.0,56.2,有负债
2699,男,1977-02-23,31,21,≤25,420,5462150,1,超高频,高价值,1.0,1.0,0.0,56.2,有负债
2700,男,1945-02-22,34,53,46-55,356,3214904,1,超高频,高价值,1.0,1.0,0.0,58.3,有负债
2715,男,1957-07-04,7,41,36-45,426,6546131,1,超高频,高价值,0.0,0.0,1.0,71.2,无负债
2719,女,1964-10-30,29,34,26-35,408,4887089,1,超高频,高价值,1.0,1.0,0.0,70.1,有负债
2720,女,1949-09-05,1,49,46-55,189,2448294,1,超高频,高价值,1.0,1.0,0.0,32.7,有负债
2724,男,1975-03-01,35,23,≤25,350,2861954,1,超高频,高价值,0.0,0.0,1.0,62.9,无负债
2729,男,1966-08-28,1,32,26-35,244,2748672,1,超高频,高价值,0.0,0.0,0.0,33.0,无负债
2739,男,1950-01-26,13,48,46-55,162,2552463,1,超高频,高价值,1.0,1.0,1.0,23.1,有负债
2742,女,1948-08-27,65,50,46-55,245,3517909,1,超高频,高价值,0.0,0.0,0.0,41.6,无负债
2745,女,1939-08-07,54,59,>55,277,2682423,1,超高频,高价值,0.0,0.0,0.0,52.1,无负债
2746,男,1971-02-25,1,27,26-35,286,2311217,1,超高频,高价值,1.0,1.0,0.0,47.3,有负债
2762,女,1953-04-23,29,45,36-45,421,6391717,1,超高频,高价值,0.0,0.0,1.0,64.4,无负债
2782,男,1940-09-13,31,58,>55,363,3084188,1,超高频,高价值,0.0,0.0,1.0,66.9,无负债
2805,男,1964-07-13,73,34,26-35,536,3103948,1,超高频,高价值,0.0,0.0,0.0,62.7,无负债
2808,女,1974-03-31,8,24,≤25,424,5911093,1,超高频,高价值,0.0,0.0,1.0,68.6,无负债
2809,男,1979-02-14,33,19,≤25,460,3132797,1,超高频,高价值,1.0,1.0,0.0,48.7,有负债
2834,男,1949-05-23,52,49,46-55,400,2685005,1,超高频,高价值,1.0,1.0,0.0,63.1,有负债
2846,女,1969-03-17,1,29,26-35,258,4351470,1,超高频,高价值,0.0,0.0,0.0,48.6,无负债
2870,男,1959-11-28,29,39,36-45,358,2751637,1,超高频,高价值,0.0,0.0,0.0,56.4,无负债
2873,女,1975-03-24,16,23,≤25,435,5316002,1,超高频,高价值,0.0,0.0,0.0,73.0,无负债
2879,男,1977-01-10,40,21,≤25,235,4937638,1,超高频,高价值,0.0,0.0,0.0,49.0,无负债
2885,女,1965-10-04,1,33,26-35,222,2667623,1,超高频,高价值,0.0,0.0,0.0,35.1,无负债
2886,男,1958-10-03,1,40,36-45,222,2667623,1,超高频,高价值,0.0,0.0,0.0,35.1,无负债
2913,男,1962-12-27,44,36,36-45,331,3164134,1,超高频,高价值,0.0,0.0,0.0,67.1,无负债
2921,女,1976-12-20,64,22,≤25,175,2842693,1,超高频,高价值,0.0,0.0,1.0,26.5,无负债
2922,男,1940-09-07,43,58,>55,420,6025983,1,超高频,高价值,1.0,1.0,0.0,62.0,有负债
2929,男,1958-03-10,1,40,36-45,288,4521198,1,超高频,高价值,0.0,0.0,1.0,39.2,无负债
2941,男,1951-03-12,38,47,46-55,371,4702040,1,超高频,高价值,0.0,0.0,0.0,62.9,无负债
2952,女,1978-01-17,52,20,≤25,189,2592327,1,超高频,高价值,1.0,1.0,0.0,30.3,有负债
2966,男,1955-02-20,65,43,36-45,265,2308615,1,超高频,高价值,1.0,1.0,0.0,40.3,有负债
2968,男,1962-08-24,40,36,36-45,332,3887116,1,超高频,高价值,0.0,0.0,0.0,70.6,无负债
2975,女,1943-03-18,33,55,46-55,447,4419577,1,超高频,高价值,0.0,0.0,0.0,67.0,无负债
2978,女,1948-03-05,33,50,46-55,397,3265307,1,超高频,高价值,0.0,0.0,1.0,68.1,无负债
2982,女,1973-03-23,6,25,≤25,469,5095936,1,超高频,高价值,0.0,0.0,1.0,54.8,无负债
2983,男,1967-07-23,6,31,26-35,469,5095936,1,超高频,高价值,0.0,0.0,0.0,54.8,无负债
3001,男,1958-10-07,1,40,36-45,534,6910434,1,超高频,高价值,1.0,1.0,0.0,71.1,有负债
3011,男,1955-09-19,74,43,36-45,433,4869010,1,超高频,高价值,0.0,0.0,0.0,57.1,无负债
3023,男,1959-04-04,16,39,36-45,340,3069623,1,超高频,高价值,0.0,0.0,1.0,61.6,无负债
3030,女,1976-05-10,68,22,≤25,490,2735379,1,超高频,高价值,0.0,0.0,0.0,65.1,无负债
3049,男,1967-04-06,6,31,26-35,480,5627065,1,超高频,高价值,0.0,0.0,0.0,70.5,无负债
3050,女,1967-07-31,6,31,26-35,480,5627065,1,超高频,高价值,0.0,0.0,0.0,70.5,无负债
3056,女,1959-01-16,38,39,36-45,133,2530924,1,超高频,高价值,0.0,0.0,1.0,24.6,无负债
3057,男,1962-03-05,38,36,36-45,133,2530924,1,超高频,高价值,0.0,0.0,0.0,24.6,无负债
3063,男,1971-01-29,27,27,26-35,158,2483651,1,超高频,高价值,0.0,0.0,1.0,23.0,无负债
3080,女,1951-07-27,5,47,46-55,239,2816511,1,超高频,高价值,0.0,0.0,0.0,35.3,无负债
3081,男,1945-03-02,5,53,46-55,239,2816511,1,超高频,高价值,0.0,0.0,0.0,35.3,无负债
3082,女,1979-10-17,52,19,≤25,390,2519988,1,超高频,高价值,0.0,0.0,1.0,67.0,无负债
3084,女,1951-08-24,23,47,46-55,384,3500440,1,超高频,高价值,0.0,0.0,1.0,67.4,无负债
3085,女,1946-06-29,62,52,46-55,472,2881542,1,超高频,高价值,0.0,0.0,1.0,70.8,无负债
3086,男,1948-09-14,62,50,46-55,472,2881542,1,超高频,高价值,0.0,0.0,0.0,70.8,无负债
3099,男,1965-11-13,17,33,26-35,445,2849647,1,超高频,高价值,0.0,0.0,0.0,58.9,无负债
3103,女,1973-03-07,64,25,≤25,375,5248315,1,超高频,高价值,1.0,1.0,0.0,50.3,有负债
3105,男,1947-08-17,68,51,46-55,419,2392155,1,超高频,高价值,0.0,0.0,0.0,72.0,无负债
3107,男,1960-11-16,30,38,36-45,397,4193722,1,超高频,高价值,0.0,0.0,0.0,64.9,无负债
3108,女,1962-02-26,30,36,36-45,397,4193722,1,超高频,高价值,0.0,0.0,0.0,64.9,无负债
3115,男,1961-11-30,72,37,36-45,415,2935350,1,超高频,高价值,0.0,0.0,1.0,70.7,无负债
3116,男,1951-09-09,28,47,46-55,422,2918887,1,超高频,高价值,0.0,0.0,1.0,62.9,无负债
3134,男,1938-05-04,1,60,>55,207,2734438,1,超高频,高价值,0.0,0.0,1.0,34.1,无负债
3135,男,1969-01-06,48,30,26-35,293,2817692,1,超高频,高价值,0.0,0.0,1.0,69.4,无负债
3136,男,1963-12-18,1,35,26-35,263,4070535,1,超高频,高价值,0.0,0.0,1.0,35.1,无负债
3148,男,1942-04-04,3,56,>55,347,4532732,1,超高频,高价值,0.0,0.0,0.0,69.0,无负债
3149,女,1935-01-09,3,64,>55,347,4532732,1,超高频,高价值,0.0,0.0,0.0,69.0,无负债
3157,女,1942-02-26,1,56,>55,376,2826180,1,超高频,高价值,0.0,0.0,0.0,65.4,无负债
3167,女,1943-09-08,48,55,46-55,233,3202521,1,超高频,高价值,0.0,0.0,1.0,30.2,无负债
3172,男,1951-12-23,64,47,46-55,364,4739578,1,超高频,高价值,0.0,0.0,0.0,59.7,无负债
3178,女,1969-08-01,25,29,26-35,232,4591092,1,超高频,高价值,0.0,0.0,0.0,34.1,无负债
3184,女,1959-12-01,5,39,36-45,417,2355691,1,超高频,高价值,0.0,0.0,1.0,55.8,无负债
3185,女,1972-11-26,17,26,26-35,405,3554175,1,超高频,高价值,0.0,0.0,0.0,69.2,无负债
3187,男,1952-09-02,7,46,46-55,398,3098131,1,超高频,高价值,0.0,0.0,1.0,69.0,无负债
3197,男,1958-07-10,1,40,36-45,416,5405704,1,超高频,高价值,0.0,0.0,1.0,70.4,无负债
3198,女,1953-03-05,1,45,36-45,416,5405704,1,超高频,高价值,0.0,0.0,0.0,70.4,无负债
3211,女,1967-08-07,17,31,26-35,387,5616257,1,超高频,高价值,0.0,0.0,0.0,63.4,无负债
3225,男,1957-03-17,13,41,36-45,432,3740038,1,超高频,高价值,0.0,0.0,1.0,72.2,无负债
3231,男,1961-06-03,21,37,36-45,547,2342328,1,超高频,高价值,0.0,0.0,0.0,72.3,无负债
3236,女,1960-04-15,28,38,36-45,279,2371430,1,超高频,高价值,0.0,0.0,1.0,48.1,无负债
3251,女,1962-12-28,52,36,36-45,473,2746070,1,超高频,高价值,1.0,1.0,0.0,70.8,有负债
3252,男,1961-03-26,52,37,36-45,473,2746070,1,超高频,高价值,1.0,1.0,0.0,70.8,有负债
3253,男,1946-07-02,70,52,46-55,366,2799723,1,超高频,高价值,0.0,0.0,1.0,64.4,无负债
3258,女,1960-07-30,74,38,36-45,505,4043433,1,超高频,高价值,0.0,0.0,0.0,62.7,无负债
3264,女,1950-10-20,63,48,46-55,440,2734051,1,超高频,高价值,1.0,1.0,0.0,66.9,有负债
3267,男,1951-08-26,61,47,46-55,382,3522251,1,超高频,高价值,0.0,0.0,1.0,49.9,无负债
3270,男,1940-01-22,12,58,>55,167,2522107,1,超高频,高价值,0.0,0.0,0.0,31.1,无负债
3271,女,1942-01-03,58,57,>55,396,2883330,1,超高频,高价值,0.0,0.0,0.0,68.4,无负债
3298,女,1942-08-05,5,56,>55,387,5059845,1,超高频,高价值,0.0,0.0,0.0,66.1,无负债
3307,女,1979-07-01,14,19,≤25,265,2693582,1,超高频,高价值,0.0,0.0,0.0,56.6,无负债
3308,男,1948-02-16,15,50,46-55,315,3403052,1,超高频,高价值,0.0,0.0,1.0,67.8,无负债
3309,女,1942-04-29,15,56,>55,315,3403052,1,超高频,高价值,0.0,0.0,0.0,67.8,无负债
3319,女,1979-04-24,1,19,≤25,364,4682183,1,超高频,高价值,0.0,0.0,1.0,56.1,无负债
3320,男,1972-02-14,1,26,26-35,364,4682183,1,超高频,高价值,0.0,0.0,0.0,56.1,无负债
3326,女,1952-12-26,57,46,46-55,239,3122188,1,超高频,高价值,1.0,1.0,0.0,35.7,有负债
3335,男,1967-02-10,11,31,26-35,634,7399389,1,超高频,高价值,1.0,1.0,0.0,70.4,有负债
3336,女,1951-05-30,64,47,46-55,462,6273920,1,超高频,高价值,0.0,0.0,0.0,71.7,无负债
3345,女,1941-01-27,37,57,>55,376,2710058,1,超高频,高价值,0.0,0.0,0.0,65.4,无负债
3346,男,1941-02-25,37,57,>55,376,2710058,1,超高频,高价值,0.0,0.0,0.0,65.4,无负债
3356,男,1974-04-23,73,24,≤25,531,2441517,1,超高频,高价值,0.0,0.0,1.0,67.5,无负债
3382,男,1954-02-28,54,44,36-45,432,4503893,1,超高频,高价值,0.0,0.0,1.0,57.8,无负债
3383,女,1956-04-23,54,42,36-45,432,4503893,1,超高频,高价值,0.0,0.0,0.0,57.8,无负债
3387,男,1943-08-14,58,55,46-55,214,2809495,1,超高频,高价值,0.0,0.0,1.0,37.6,无负债
3395,男,1962-12-28,4,36,36-45,230,3300897,1,超高频,高价值,0.0,0.0,1.0,36.5,无负债
3405,男,1949-12-15,40,49,46-55,411,5781025,1,超高频,高价值,0.0,0.0,1.0,66.3,无负债
3406,女,1947-07-13,40,51,46-55,411,5781025,1,超高频,高价值,0.0,0.0,0.0,66.3,无负债
3430,男,1951-09-25,3,47,46-55,567,7365811,1,超高频,高价值,0.0,0.0,0.0,69.6,无负债
3432,男,1973-11-08,15,25,≤25,304,3082669,1,超高频,高价值,0.0,0.0,0.0,51.5,无负债
3454,女,1949-10-17,11,49,46-55,366,4362127,1,超高频,高价值,0.0,0.0,0.0,63.2,无负债
3455,男,1957-02-28,11,41,36-45,366,4362127,1,超高频,高价值,0.0,0.0,0.0,63.2,无负债
3458,男,1953-06-30,33,45,36-45,457,3519323,1,超高频,高价值,0.0,0.0,1.0,67.8,无负债
3465,男,1942-04-17,30,56,>55,371,3129993,1,超高频,高价值,0.0,0.0,1.0,62.8,无负债
3476,女,1968-01-05,60,31,26-35,396,2559196,1,超高频,高价值,0.0,0.0,0.0,69.3,无负债
3477,男,1965-08-28,37,33,26-35,267,4149228,1,超高频,高价值,0.0,0.0,1.0,43.6,无负债
3482,女,1941-02-09,71,57,>55,396,2478978,1,超高频,高价值,0.0,0.0,0.0,67.5,无负债
3492,女,1970-12-27,8,28,26-35,202,2631835,1,超高频,高价值,0.0,0.0,0.0,33.8,无负债
3498,男,1938-04-01,77,60,>55,384,6009304,1,超高频,高价值,0.0,0.0,0.0,65.1,无负债
3499,男,1969-03-16,19,29,26-35,406,2728121,1,超高频,高价值,0.0,0.0,0.0,70.8,无负债
3507,女,1946-12-02,32,52,46-55,479,3100262,1,超高频,高价值,0.0,0.0,0.0,72.1,无负债
3508,男,1970-11-09,38,28,26-35,301,2660786,1,超高频,高价值,0.0,0.0,0.0,56.3,无负债
3509,女,1965-02-13,38,33,26-35,301,2660786,1,超高频,高价值,0.0,0.0,0.0,56.3,无负债
3519,男,1949-12-15,74,49,46-55,369,5610304,1,超高频,高价值,1.0,1.0,1.0,53.9,有负债
3522,男,1963-02-02,57,35,26-35,384,6769395,1,超高频,高价值,0.0,0.0,1.0,66.3,无负债
3530,女,1971-09-18,16,27,26-35,276,3315409,1,超高频,高价值,0.0,0.0,0.0,55.7,无负债
3537,男,1946-04-16,51,52,46-55,226,2528953,1,超高频,高价值,0.0,0.0,0.0,33.3,无负债
3538,女,1944-05-02,1,54,46-55,180,2388010,1,超高频,高价值,0.0,0.0,0.0,28.7,无负债
3540,男,1936-08-04,51,62,>55,655,5608802,1,超高频,高价值,0.0,0.0,0.0,68.9,无负债
3541,女,1934-05-01,51,64,>55,655,5608802,1,超高频,高价值,0.0,0.0,0.0,68.9,无负债
3542,男,1939-09-02,10,59,>55,473,5018932,1,超高频,高价值,1.0,1.0,0.0,67.4,有负债
3543,女,1941-08-19,10,57,>55,473,5018932,1,超高频,高价值,1.0,1.0,0.0,67.4,有负债
3548,男,1975-05-03,1,23,≤25,569,6226251,1,超高频,高价值,0.0,0.0,0.0,65.9,无负债
3550,女,1969-09-14,54,29,26-35,365,3023593,1,超高频,高价值,0.0,0.0,0.0,67.2,无负债
3573,女,1972-02-09,8,26,26-35,324,4766320,1,超高频,高价值,0.0,0.0,1.0,59.0,无负债
3576,女,1939-03-15,1,59,>55,422,4846387,1,超高频,高价值,1.0,1.0,0.0,68.1,有负债
3583,女,1942-09-09,15,56,>55,309,3608906,1,超高频,高价值,0.0,0.0,1.0,47.5,无负债
3584,男,1941-03-25,15,57,>55,309,3608906,1,超高频,高价值,0.0,0.0,0.0,47.5,无负债
3588,女,1953-11-04,76,45,36-45,228,2477448,1,超高频,高价值,0.0,0.0,0.0,61.2,无负债
3589,女,1961-07-13,73,37,36-45,327,4555224,1,超高频,高价值,0.0,0.0,1.0,62.2,无负债
3595,男,1965-01-01,28,34,26-35,183,2440983,1,超高频,高价值,0.0,0.0,0.0,30.8,无负债
3601,男,1938-08-03,19,60,>55,303,3303872,1,超高频,高价值,1.0,1.0,1.0,31.4,有负债
3602,女,1940-12-10,19,58,>55,303,3303872,1,超高频,高价值,1.0,1.0,0.0,31.4,有负债
3607,女,1946-07-29,18,52,46-55,359,3176198,1,超高频,高价值,0.0,0.0,0.0,64.4,无负债
3612,女,1962-09-04,19,36,36-45,525,3224790,1,超高频,高价值,0.0,0.0,0.0,68.3,无负债
3613,男,1969-02-12,19,29,26-35,525,3224790,1,超高频,高价值,0.0,0.0,0.0,68.3,无负债
3615,男,1974-07-04,1,24,≤25,220,2751191,1,超高频,高价值,0.0,0.0,1.0,35.1,无负债
3632,女,1943-09-29,15,55,46-55,600,3438285,1,超高频,高价值,0.0,0.0,0.0,72.0,无负债
3640,男,1978-07-24,75,20,≤25,265,3342955,1,超高频,高价值,0.0,0.0,1.0,46.7,无负债
3641,女,1979-02-01,75,19,≤25,265,3342955,1,超高频,高价值,0.0,0.0,0.0,46.7,无负债
3655,男,1968-02-06,59,30,26-35,383,3114624,1,超高频,高价值,0.0,0.0,0.0,71.4,无负债
3667,男,1971-09-18,70,27,26-35,464,6421051,1,超高频,高价值,0.0,0.0,1.0,65.5,无负债
3668,女,1972-12-23,70,26,26-35,464,6421051,1,超高频,高价值,0.0,0.0,0.0,65.5,无负债
3670,女,1980-09-17,44,18,≤25,269,2323581,1,超高频,高价值,1.0,0.0,0.0,56.0,无负债
3671,男,1943-07-16,10,55,46-55,223,3430824,1,超高频,高价值,0.0,0.0,1.0,32.6,无负债
3672,女,1948-12-06,10,50,46-55,223,3430824,1,超高频,高价值,0.0,0.0,0.0,32.6,无负债
3687,男,1972-02-06,49,26,26-35,609,6079311,1,超高频,高价值,1.0,1.0,1.0,68.8,有负债
3688,女,1975-05-02,49,23,≤25,609,6079311,1,超高频,高价值,1.0,1.0,0.0,68.8,有负债
3689,女,1979-07-12,9,19,≤25,337,3892883,1,超高频,高价值,0.0,0.0,1.0,36.5,无负债
3711,男,1968-05-07,25,30,26-35,412,3425315,1,超高频,高价值,0.0,0.0,0.0,70.4,无负债
3714,女,1953-10-01,8,45,36-45,374,3252615,1,超高频,高价值,0.0,0.0,0.0,67.9,无负债
3716,男,1953-04-15,74,45,36-45,288,3537913,1,超高频,高价值,0.0,0.0,0.0,51.5,无负债
3733,女,1946-05-09,1,52,46-55,340,2772518,1,超高频,高价值,0.0,0.0,1.0,62.9,无负债
3737,男,1948-04-30,12,50,46-55,200,2556940,1,超高频,高价值,0.0,0.0,0.0,30.4,无负债
3745,女,1971-01-19,2,27,26-35,562,2951004,1,超高频,高价值,0.0,0.0,0.0,67.1,无负债
3763,女,1977-08-12,38,21,≤25,439,4823300,1,超高频,高价值,1.0,1.0,1.0,53.4,有负债
3764,男,1978-01-29,38,20,≤25,439,4823300,1,超高频,高价值,1.0,1.0,0.0,53.4,有负债
3765,女,1956-01-24,45,42,36-45,519,4682067,1,超高频,高价值,0.0,0.0,1.0,65.5,无负债
3782,男,1980-09-10,1,18,≤25,395,4392814,1,超高频,高价值,0.0,0.0,1.0,65.7,无负债
3789,男,1964-10-17,66,34,26-35,441,2780175,1,超高频,高价值,0.0,0.0,0.0,67.6,无负债
3790,男,1936-08-28,48,62,>55,323,2384278,1,超高频,高价值,0.0,0.0,0.0,56.9,无负债
3791,男,1939-03-18,72,59,>55,315,2555221,1,超高频,高价值,0.0,0.0,0.0,61.0,无负债
3813,女,1978-08-25,2,20,≤25,266,3640635,1,超高频,高价值,0.0,0.0,1.0,30.3,无负债
3821,男,1939-05-16,22,59,>55,322,2624212,1,超高频,高价值,0.0,0.0,1.0,55.2,无负债
3829,男,1972-03-13,59,26,26-35,427,4153134,1,超高频,高价值,1.0,0.0,1.0,65.7,无负债
3830,女,1968-02-24,18,30,26-35,254,2331308,1,超高频,高价值,0.0,0.0,1.0,53.6,无负债
3883,男,1965-09-27,18,33,26-35,360,3561213,1,超高频,高价值,0.0,0.0,1.0,68.5,无负债
3890,男,1958-10-22,3,40,36-45,279,3114344,1,超高频,高价值,0.0,0.0,1.0,41.3,无负债
3894,男,1941-01-21,29,57,>55,324,2848459,1,超高频,高价值,0.0,0.0,1.0,65.5,无负债
3895,女,1945-05-03,29,53,46-55,324,2848459,1,超高频,高价值,0.0,0.0,0.0,65.5,无负债
3898,女,1948-01-17,57,50,46-55,329,3817800,1,超高频,高价值,0.0,0.0,0.0,61.7,无负债
3900,男,1943-09-23,55,55,46-55,366,2722846,1,超高频,高价值,0.0,0.0,0.0,62.9,无负债
3901,女,1951-04-12,55,47,46-55,366,2722846,1,超高频,高价值,0.0,0.0,0.0,62.9,无负债
3904,女,1939-01-15,29,60,>55,181,2378759,1,超高频,高价值,0.0,0.0,0.0,26.4,无负债
3905,男,1935-08-05,29,63,>55,181,2378759,1,超高频,高价值,0.0,0.0,0.0,26.4,无负债
3906,男,1936-12-23,64,62,>55,277,2461466,1,超高频,高价值,1.0,1.0,1.0,38.0,有负债
3907,女,1954-12-09,1,44,36-45,264,3112683,1,超高频,高价值,1.0,1.0,0.0,46.4,有负债
3911,女,1952-10-13,31,46,46-55,284,3132877,1,超高频,高价值,0.0,0.0,0.0,46.7,无负债
3915,男,1977-01-05,20,22,≤25,377,2419952,1,超高频,高价值,0.0,0.0,0.0,63.9,无负债
3935,男,1939-11-27,71,59,>55,321,4109444,1,超高频,高价值,0.0,0.0,0.0,58.4,无负债
3942,男,1952-08-13,53,46,46-55,406,3716747,1,超高频,高价值,0.0,0.0,0.0,67.9,无负债
3944,男,1936-01-01,8,63,>55,563,6270990,1,超高频,高价值,0.0,0.0,1.0,70.3,无负债
3945,女,1931-10-25,8,67,>55,563,6270990,1,超高频,高价值,0.0,0.0,0.0,70.3,无负债
3952,女,1965-12-28,52,33,26-35,219,2874397,1,超高频,高价值,0.0,0.0,0.0,33.6,无负债
3958,女,1946-04-30,37,52,46-55,215,2715291,1,超高频,高价值,0.0,0.0,1.0,40.5,无负债
3962,男,1952-11-28,74,46,46-55,260,3915498,1,超高频,高价值,1.0,0.0,0.0,36.6,无负债
3967,女,1960-09-26,18,38,36-45,331,2363250,1,超高频,高价值,0.0,0.0,0.0,66.6,无负债
3968,男,1955-06-15,18,43,36-45,331,2363250,1,超高频,高价值,0.0,0.0,0.0,66.6,无负债
3970,女,1980-08-09,46,18,≤25,271,3119100,1,超高频,高价值,0.0,0.0,1.0,49.2,无负债
3974,男,1938-08-24,68,60,>55,364,2769584,1,超高频,高价值,0.0,0.0,0.0,70.2,无负债
3977,男,1975-09-27,8,23,≤25,232,2863566,1,超高频,高价值,0.0,0.0,0.0,34.7,无负债
3978,男,1970-12-15,18,28,26-35,384,3061591,1,超高频,高价值,0.0,0.0,0.0,66.2,无负债
3987,男,1960-11-07,67,38,36-45,229,3285678,1,超高频,高价值,0.0,0.0,1.0,34.1,无负债
4003,男,1949-04-23,8,49,46-55,212,2377151,1,超高频,高价值,0.0,0.0,0.0,28.9,无负债
4016,女,1971-05-25,13,27,26-35,377,2984390,1,超高频,高价值,0.0,0.0,0.0,64.7,无负债
4017,男,1964-05-15,13,34,26-35,377,2984390,1,超高频,高价值,0.0,0.0,0.0,64.7,无负债
4020,女,1953-03-31,45,45,36-45,272,4014078,1,超高频,高价值,0.0,0.0,0.0,62.6,无负债
4026,女,1945-09-24,76,53,46-55,248,3548613,1,超高频,高价值,0.0,0.0,0.0,42.4,无负债
4034,男,1937-07-17,58,61,>55,160,2476618,1,超高频,高价值,0.0,0.0,0.0,22.6,无负债
4035,女,1930-08-20,58,68,>55,160,2476618,1,超高频,高价值,0.0,0.0,0.0,22.6,无负债
4067,女,1959-07-08,21,39,36-45,366,4113059,1,超高频,高价值,0.0,0.0,0.0,49.5,无负债
4071,女,1942-12-15,45,56,>55,441,3438787,1,超高频,高价值,0.0,0.0,0.0,70.0,无负债
4072,男,1941-05-08,45,57,>55,441,3438787,1,超高频,高价值,0.0,0.0,0.0,70.0,无负债
4076,男,1969-11-17,49,29,26-35,316,3250859,1,超高频,高价值,0.0,0.0,0.0,62.4,无负债
4077,女,1955-03-06,68,43,36-45,352,4116542,1,超高频,高价值,0.0,0.0,0.0,62.8,无负债
4078,男,1951-06-04,23,47,46-55,301,2817057,1,超高频,高价值,0.0,0.0,1.0,56.0,无负债
4080,女,1943-09-26,21,55,46-55,369,3642818,1,超高频,高价值,0.0,0.0,0.0,71.5,无负债
4094,男,1979-12-19,2,19,≤25,262,3226834,1,超高频,高价值,0.0,0.0,1.0,44.0,无负债
4098,男,1938-03-28,13,60,>55,247,3194680,1,超高频,高价值,0.0,0.0,0.0,35.6,无负债
4100,男,1955-03-13,74,43,36-45,462,2527409,1,超高频,高价值,0.0,0.0,1.0,70.0,无负债
4113,女,1947-09-09,76,51,46-55,380,4399833,1,超高频,高价值,0.0,0.0,0.0,46.2,无负债
4116,男,1936-11-24,36,62,>55,337,2543681,1,超高频,高价值,0.0,0.0,1.0,58.7,无负债
4118,男,1978-06-17,28,20,≤25,321,2863043,1,超高频,高价值,0.0,0.0,0.0,65.2,无负债
4119,女,1962-02-20,62,36,36-45,301,2791100,1,超高频,高价值,0.0,0.0,0.0,64.3,无负债
4120,男,1961-03-06,62,37,36-45,301,2791100,1,超高频,高价值,0.0,0.0,0.0,64.3,无负债
4139,男,1969-07-20,74,29,26-35,562,4697031,1,超高频,高价值,0.0,0.0,0.0,71.5,无负债
4157,男,1972-05-09,1,26,26-35,189,2971883,1,超高频,高价值,0.0,0.0,1.0,26.0,无负债
4167,女,1949-05-31,6,49,46-55,183,2579462,1,超高频,高价值,0.0,0.0,1.0,27.5,无负债
4177,男,1935-12-25,34,63,>55,190,2344805,1,超高频,高价值,1.0,1.0,0.0,34.1,有负债
4189,男,1941-12-07,64,57,>55,353,2326286,1,超高频,高价值,0.0,0.0,0.0,47.2,无负债
4211,女,1973-04-17,22,25,≤25,310,2874660,1,超高频,高价值,0.0,0.0,1.0,55.8,无负债
4215,女,1952-06-08,49,46,46-55,469,2477500,1,超高频,高价值,0.0,0.0,0.0,72.8,无负债
4227,女,1963-12-24,51,35,26-35,136,2453405,1,超高频,高价值,0.0,0.0,0.0,28.0,无负债
4233,男,1938-02-15,46,60,>55,370,3182633,1,超高频,高价值,0.0,0.0,0.0,64.2,无负债
4235,女,1975-11-15,9,23,≤25,221,3069176,1,超高频,高价值,0.0,0.0,1.0,25.4,无负债
4238,女,1971-04-26,41,27,26-35,400,5619346,1,超高频,高价值,0.0,0.0,0.0,72.8,无负债
4241,女,1950-03-30,20,48,46-55,449,2862438,1,超高频,高价值,0.0,0.0,0.0,71.0,无负债
4242,男,1954-04-27,20,44,36-45,449,2862438,1,超高频,高价值,0.0,0.0,0.0,71.0,无负债
4251,男,1960-04-26,44,38,36-45,429,7401258,1,超高频,高价值,0.0,0.0,1.0,67.3,无负债
4252,女,1953-05-28,44,45,36-45,429,7401258,1,超高频,高价值,0.0,0.0,0.0,67.3,无负债
4257,女,1968-06-29,1,30,26-35,223,3511319,1,超高频,高价值,0.0,0.0,0.0,29.8,无负债
4259,女,1949-06-16,10,49,46-55,335,2740313,1,超高频,高价值,0.0,0.0,0.0,58.8,无负债
4270,女,1972-02-05,58,26,26-35,320,3248459,1,超高频,高价值,0.0,0.0,1.0,65.7,无负债
4271,男,1964-07-23,58,34,26-35,320,3248459,1,超高频,高价值,0.0,0.0,0.0,65.7,无负债
4279,男,1949-10-13,51,49,46-55,379,3043749,1,超高频,高价值,0.0,0.0,0.0,71.5,无负债
4290,男,1947-03-09,32,51,46-55,276,2322988,1,超高频,高价值,0.0,0.0,0.0,51.9,无负债
4293,女,1959-12-16,4,39,36-45,569,6358131,1,超高频,高价值,0.0,0.0,1.0,68.3,无负债
4294,男,1956-06-22,4,42,36-45,569,6358131,1,超高频,高价值,0.0,0.0,0.0,68.3,无负债
4299,女,1977-09-15,50,21,≤25,200,2537129,1,超高频,高价值,1.0,1.0,0.0,29.9,有负债
4304,女,1945-06-15,5,53,46-55,325,2961129,1,超高频,高价值,0.0,0.0,0.0,49.1,无负债
4317,女,1978-10-11,53,20,≤25,305,2675821,1,超高频,高价值,0.0,0.0,0.0,52.7,无负债
4336,女,1969-08-02,19,29,26-35,471,2377657,1,超高频,高价值,0.0,0.0,0.0,71.4,无负债
4337,男,1966-04-21,48,32,26-35,298,3135972,1,超高频,高价值,0.0,0.0,0.0,60.9,无负债
4340,女,1949-07-18,1,49,46-55,209,2640295,1,超高频,高价值,0.0,0.0,1.0,35.2,无负债
4352,男,1971-07-24,72,27,26-35,352,2604076,1,超高频,高价值,1.0,1.0,0.0,52.8,有负债
4353,女,1979-09-19,28,19,≤25,442,2926912,1,超高频,高价值,0.0,0.0,1.0,65.9,无负债
4354,男,1986-08-13,28,12,≤25,442,2926912,1,超高频,高价值,0.0,0.0,0.0,65.9,无负债
4365,男,1961-05-12,10,37,36-45,414,2330285,1,超高频,高价值,0.0,0.0,0.0,64.0,无负债
4369,男,1965-06-15,53,33,26-35,305,2700511,1,超高频,高价值,0.0,0.0,0.0,51.3,无负债
4387,男,1946-02-18,52,52,46-55,202,2542010,1,超高频,高价值,0.0,0.0,0.0,36.2,无负债
4396,女,1974-11-07,63,24,≤25,327,4006599,1,超高频,高价值,0.0,0.0,0.0,39.0,无负债
4397,男,1973-11-26,63,25,≤25,327,4006599,1,超高频,高价值,0.0,0.0,0.0,39.0,无负债
4400,女,1959-08-29,54,39,36-45,455,2668203,1,超高频,高价值,0.0,0.0,0.0,68.6,无负债
4404,女,1951-04-09,31,47,46-55,377,2633611,1,超高频,高价值,0.0,0.0,0.0,56.8,无负债
4405,女,1959-04-17,47,39,36-45,391,2902656,1,超高频,高价值,0.0,0.0,1.0,66.6,无负债
4416,男,1970-12-25,67,28,26-35,294,2669701,1,超高频,高价值,0.0,0.0,1.0,50.6,无负债
4417,男,1976-04-24,1,22,≤25,198,2457866,1,超高频,高价值,1.0,1.0,1.0,32.6,有负债
4428,男,1954-03-09,38,44,36-45,570,6941745,1,超高频,高价值,1.0,1.0,0.0,70.7,有负债
4429,男,1945-04-02,64,53,46-55,435,6936860,1,超高频,高价值,0.0,0.0,1.0,70.4,无负债
4430,女,1938-06-27,64,60,>55,435,6936860,1,超高频,高价值,0.0,0.0,0.0,70.4,无负债
4440,男,1948-12-26,33,50,46-55,373,3228695,1,超高频,高价值,0.0,0.0,0.0,65.6,无负债
4441,女,1943-10-07,33,55,46-55,373,3228695,1,超高频,高价值,0.0,0.0,0.0,65.6,无负债
4453,女,1976-05-29,61,22,≤25,416,2580926,1,超高频,高价值,0.0,0.0,0.0,72.1,无负债
4454,男,1976-02-09,61,22,≤25,416,2580926,1,超高频,高价值,0.0,0.0,0.0,72.1,无负债
4461,女,1957-04-22,54,41,36-45,368,2739801,1,超高频,高价值,0.0,0.0,0.0,65.8,无负债
4477,男,1957-01-18,74,41,36-45,402,5621799,1,超高频,高价值,0.0,0.0,0.0,67.8,无负债
4478,女,1952-05-14,74,46,46-55,402,5621799,1,超高频,高价值,0.0,0.0,0.0,67.8,无负债
4479,女,1958-07-24,2,40,36-45,492,3747376,1,超高频,高价值,0.0,0.0,1.0,57.2,无负债
4504,女,1965-11-24,33,33,26-35,181,2476406,1,超高频,高价值,0.0,0.0,1.0,29.8,无负债
4505,男,1966-07-06,33,32,26-35,181,2476406,1,超高频,高价值,0.0,0.0,0.0,29.8,无负债
4507,男,1970-08-03,1,28,26-35,318,4027876,1,超高频,高价值,0.0,0.0,1.0,44.8,无负债
4511,女,1945-04-27,51,53,46-55,353,2840905,1,超高频,高价值,0.0,0.0,0.0,66.0,无负债
4518,女,1952-04-04,39,46,46-55,476,4237104,1,超高频,高价值,0.0,0.0,1.0,65.9,无负债
4526,女,1970-04-24,70,28,26-35,414,2710041,1,超高频,高价值,0.0,0.0,0.0,64.5,无负债
4531,女,1964-06-25,64,34,26-35,230,3126932,1,超高频,高价值,0.0,0.0,0.0,35.9,无负债
4532,男,1953-10-09,39,45,36-45,304,3767155,1,超高频,高价值,0.0,0.0,1.0,51.2,无负债
4536,男,1947-10-14,41,51,46-55,391,5438951,1,超高频,高价值,0.0,0.0,0.0,72.6,无负债
4547,女,1943-12-30,9,55,46-55,319,3666591,1,超高频,高价值,0.0,0.0,0.0,67.7,无负债
4555,男,1960-08-07,52,38,36-45,400,3241485,1,超高频,高价值,0.0,0.0,1.0,66.9,无负债
4559,女,1958-03-09,35,40,36-45,375,3564565,1,超高频,高价值,0.0,0.0,1.0,70.2,无负债
4563,女,1971-07-25,10,27,26-35,423,3907397,1,超高频,高价值,0.0,0.0,0.0,70.3,无负债
4564,男,1975-08-25,10,23,≤25,423,3907397,1,超高频,高价值,0.0,0.0,0.0,70.3,无负债
4565,男,1948-03-03,14,50,46-55,424,5923529,1,超高频,高价值,0.0,0.0,0.0,67.3,无负债
4567,男,1937-02-12,70,61,>55,413,3135446,1,超高频,高价值,0.0,0.0,0.0,71.4,无负债
4584,女,1949-06-24,7,49,46-55,450,3920257,1,超高频,高价值,1.0,1.0,0.0,57.7,有负债
4601,男,1935-04-02,1,63,>55,560,2753224,1,超高频,高价值,0.0,0.0,0.0,73.0,无负债
4602,女,1934-04-04,1,64,>55,560,2753224,1,超高频,高价值,0.0,0.0,0.0,73.0,无负债
4606,男,1937-10-14,8,61,>55,358,2633382,1,超高频,高价值,0.0,0.0,0.0,64.2,无负债
4627,男,1942-03-24,1,56,>55,234,3015861,1,超高频,高价值,0.0,0.0,1.0,47.0,无负债
4628,女,1938-05-31,1,60,>55,234,3015861,1,超高频,高价值,0.0,0.0,0.0,47.0,无负债
4641,男,1958-02-12,33,40,36-45,443,2817015,1,超高频,高价值,0.0,0.0,0.0,65.7,无负债
4642,女,1960-08-03,33,38,36-45,443,2817015,1,超高频,高价值,0.0,0.0,0.0,65.7,无负债
4656,男,1942-09-16,1,56,>55,206,2597889,1,超高频,高价值,1.0,1.0,0.0,25.6,有负债
4663,男,1942-10-29,72,56,>55,388,5576988,1,超高频,高价值,0.0,0.0,1.0,52.4,无负债
4673,男,1952-08-16,69,46,46-55,295,3492081,1,超高频,高价值,0.0,0.0,0.0,59.4,无负债
4684,女,1953-03-05,1,45,36-45,280,3574376,1,超高频,高价值,0.0,0.0,1.0,59.2,无负债
4698,男,1963-03-31,45,35,26-35,260,2906614,1,超高频,高价值,0.0,0.0,0.0,41.1,无负债
4715,女,1976-08-12,15,22,≤25,556,3734014,1,超高频,高价值,0.0,0.0,1.0,72.6,无负债
4721,女,1956-03-21,65,42,36-45,408,3441706,1,超高频,高价值,0.0,0.0,1.0,70.0,无负债
4727,女,1970-11-23,74,28,26-35,293,3579431,1,超高频,高价值,0.0,0.0,0.0,64.9,无负债
4728,男,1970-10-31,74,28,26-35,293,3579431,1,超高频,高价值,0.0,0.0,0.0,64.9,无负债
4729,男,1945-07-07,18,53,46-55,277,3384407,1,超高频,高价值,0.0,0.0,0.0,54.3,无负债
4731,女,1973-02-11,52,25,≤25,383,3237370,1,超高频,高价值,0.0,0.0,0.0,70.1,无负债
4733,男,1955-07-17,1,43,36-45,301,3273814,1,超高频,高价值,0.0,0.0,0.0,40.5,无负债
4745,女,1948-08-04,68,50,46-55,602,3383838,1,超高频,高价值,0.0,0.0,0.0,70.8,无负债
4749,女,1948-01-19,57,50,46-55,333,3024160,1,超高频,高价值,0.0,0.0,1.0,62.4,无负债
4754,女,1939-12-28,27,59,>55,199,2442744,1,超高频,高价值,1.0,1.0,0.0,32.2,有负债
4783,女,1978-10-16,31,20,≤25,359,2320708,1,超高频,高价值,0.0,0.0,0.0,68.9,无负债
4786,男,1938-08-16,54,60,>55,189,2395987,1,超高频,高价值,1.0,0.0,0.0,27.7,无负债
4788,女,1980-04-27,39,18,≤25,352,2514363,1,超高频,高价值,0.0,0.0,0.0,67.4,无负债
4789,女,1940-09-26,24,58,>55,231,3059675,1,超高频,高价值,0.0,0.0,1.0,37.7,无负债
4791,男,1936-02-15,51,62,>55,424,2325598,1,超高频,高价值,0.0,0.0,1.0,63.6,无负债
4815,男,1970-09-17,15,28,26-35,157,2406757,1,超高频,高价值,0.0,0.0,0.0,34.1,无负债
4816,女,1974-03-04,15,24,≤25,157,2406757,1,超高频,高价值,0.0,0.0,0.0,34.1,无负债
4832,女,1957-01-09,56,42,36-45,291,3058759,1,超高频,高价值,0.0,0.0,1.0,59.2,无负债
4837,女,1967-03-13,56,31,26-35,277,4182710,1,超高频,高价值,0.0,0.0,0.0,44.2,无负债
4863,女,1974-03-02,1,24,≤25,365,4334806,1,超高频,高价值,0.0,0.0,1.0,66.2,无负债
4877,男,1957-02-19,45,41,36-45,223,2424423,1,超高频,高价值,0.0,0.0,0.0,39.7,无负债
4886,男,1979-12-09,23,19,≤25,349,3124000,1,超高频,高价值,0.0,0.0,0.0,72.3,无负债
4901,女,1950-05-08,72,48,46-55,372,3861593,1,超高频,高价值,0.0,0.0,1.0,56.1,无负债
4915,男,1963-07-19,40,35,26-35,321,3580326,1,超高频,高价值,0.0,0.0,1.0,72.1,无负债
4916,男,1939-01-09,52,60,>55,584,4943029,1,超高频,高价值,1.0,1.0,0.0,62.8,有负债
4923,男,1962-07-02,66,36,36-45,150,2598181,1,超高频,高价值,0.0,0.0,1.0,29.9,无负债
4942,男,1959-07-05,38,39,36-45,271,3833689,1,超高频,高价值,0.0,0.0,0.0,47.9,无负债
4974,女,1962-06-30,5,36,36-45,436,5242174,1,超高频,高价值,0.0,0.0,1.0,53.2,无负债
4975,男,1961-10-21,5,37,36-45,436,5242174,1,超高频,高价值,0.0,0.0,0.0,53.2,无负债
4979,男,1937-06-28,7,61,>55,430,4684609,1,超高频,高价值,0.0,0.0,0.0,71.0,无负债
5028,男,1976-04-10,28,22,≤25,359,3964910,1,超高频,高价值,0.0,0.0,0.0,67.6,无负债
5056,女,1957-02-04,67,41,36-45,350,5112292,1,超高频,高价值,0.0,0.0,0.0,56.2,无负债
5081,女,1961-10-31,1,37,36-45,200,2504299,1,超高频,高价值,0.0,0.0,0.0,33.9,无负债
5093,女,1949-04-12,55,49,46-55,322,3183630,1,超高频,高价值,0.0,0.0,0.0,68.5,无负债
5107,女,1947-10-06,50,51,46-55,267,3698320,1,超高频,高价值,0.0,0.0,0.0,62.0,无负债
5108,男,1944-05-22,50,54,46-55,267,3698320,1,超高频,高价值,0.0,0.0,0.0,62.0,无负债
5111,男,1959-12-12,50,39,36-45,362,4283378,1,超高频,高价值,0.0,0.0,0.0,71.8,无负债
5126,男,1965-04-03,43,33,26-35,205,3101850,1,超高频,高价值,0.0,0.0,1.0,36.0,无负债
5128,男,1963-12-24,70,35,26-35,340,4608527,1,超高频,高价值,0.0,0.0,1.0,62.7,无负债
5132,男,1967-10-21,51,31,26-35,190,2499093,1,超高频,高价值,0.0,0.0,1.0,40.8,无负债
5133,女,1959-08-10,66,39,36-45,458,5438840,1,超高频,高价值,1.0,1.0,0.0,57.6,有负债
5134,女,1967-07-19,58,31,26-35,365,3269091,1,超高频,高价值,1.0,1.0,0.0,63.5,有负债
5138,女,1974-08-05,45,24,≤25,295,2798715,1,超高频,高价值,0.0,0.0,1.0,61.7,无负债
5145,女,1950-10-31,26,48,46-55,206,2611629,1,超高频,高价值,0.0,0.0,0.0,36.8,无负债
5152,女,1975-09-09,43,23,≤25,311,4057864,1,超高频,高价值,0.0,0.0,0.0,54.6,无负债
5171,女,1956-09-23,64,42,36-45,208,2699564,1,超高频,高价值,1.0,1.0,0.0,35.4,有负债
5175,女,1949-09-18,63,49,46-55,355,2876973,1,超高频,高价值,0.0,0.0,1.0,72.1,无负债
5200,女,1960-04-23,33,38,36-45,415,6872368,1,超高频,高价值,0.0,0.0,1.0,69.6,无负债
5201,男,1954-04-19,33,44,36-45,415,6872368,1,超高频,高价值,0.0,0.0,0.0,69.6,无负债
5203,女,1945-09-08,61,53,46-55,196,2877730,1,超高频,高价值,1.0,0.0,0.0,29.7,无负债
5204,男,1963-01-22,47,35,26-35,448,6513966,1,超高频,高价值,0.0,0.0,1.0,69.5,无负债
5214,男,1976-09-12,47,22,≤25,250,2695538,1,超高频,高价值,0.0,0.0,0.0,42.5,无负债
5215,女,1973-10-15,47,25,≤25,250,2695538,1,超高频,高价值,0.0,0.0,0.0,42.5,无负债
5224,男,1949-07-24,29,49,46-55,407,5075354,1,超高频,高价值,1.0,1.0,1.0,62.4,有负债
5232,女,1948-04-06,74,50,46-55,245,2553961,1,超高频,高价值,1.0,1.0,1.0,32.6,有负债
5236,男,1978-06-03,25,20,≤25,255,3123716,1,超高频,高价值,0.0,0.0,0.0,34.1,无负债
5241,男,1978-06-26,63,20,≤25,354,3270198,1,超高频,高价值,0.0,0.0,0.0,69.9,无负债
5243,男,1970-04-18,2,28,26-35,353,3440287,1,超高频,高价值,0.0,0.0,1.0,66.9,无负债
5253,女,1946-10-07,69,52,46-55,208,3330567,1,超高频,高价值,1.0,1.0,1.0,34.2,有负债
5254,男,1948-09-16,69,50,46-55,208,3330567,1,超高频,高价值,1.0,1.0,0.0,34.2,有负债
5273,男,1959-01-10,39,40,36-45,142,2680160,1,超高频,高价值,0.0,0.0,0.0,26.5,无负债
5275,男,1950-05-21,28,48,46-55,360,5251563,1,超高频,高价值,0.0,0.0,1.0,69.3,无负债
5312,男,1947-01-08,71,52,46-55,327,4091394,1,超高频,高价值,0.0,0.0,0.0,57.5,无负债
5313,女,1947-01-16,71,51,46-55,327,4091394,1,超高频,高价值,0.0,0.0,0.0,57.5,无负债
5318,男,1968-03-28,74,30,26-35,387,4279387,1,超高频,高价值,1.0,1.0,0.0,60.4,有负债
5319,女,1964-09-23,74,34,26-35,387,4279387,1,超高频,高价值,1.0,1.0,0.0,60.4,有负债
5333,女,1967-05-29,39,31,26-35,335,2712558,1,超高频,高价值,1.0,1.0,1.0,44.9,有负债
5347,男,1949-03-31,41,49,46-55,357,4989724,1,超高频,高价值,0.0,0.0,0.0,49.5,无负债
5366,女,1971-09-20,60,27,26-35,431,4689737,1,超高频,高价值,1.0,1.0,1.0,68.0,有负债
5367,男,1979-06-06,60,19,≤25,431,4689737,1,超高频,高价值,1.0,1.0,0.0,68.0,有负债
5392,女,1955-03-28,16,43,36-45,335,5409943,1,超高频,高价值,0.0,0.0,0.0,62.9,无负债
5402,女,1968-05-29,30,30,26-35,326,3361465,1,超高频,高价值,0.0,0.0,0.0,66.3,无负债
5409,男,1948-03-25,15,50,46-55,387,4773895,1,超高频,高价值,0.0,0.0,0.0,71.9,无负债
5433,男,1975-09-24,50,23,≤25,293,3892381,1,超高频,高价值,1.0,1.0,1.0,48.6,有负债
5445,男,1952-09-16,69,46,46-55,330,6329896,1,超高频,高价值,0.0,0.0,0.0,61.3,无负债
5517,男,1964-03-13,57,34,26-35,415,2752868,1,超高频,高价值,1.0,1.0,0.0,67.9,有负债
5521,女,1973-05-15,9,25,≤25,366,3929835,1,超高频,高价值,1.0,1.0,1.0,52.9,有负债
5539,男,1935-06-05,74,63,>55,344,3097379,1,超高频,高价值,0.0,0.0,0.0,70.8,无负债
5617,女,1958-08-01,56,40,36-45,325,3689316,1,超高频,高价值,0.0,0.0,0.0,63.7,无负债
5684,女,1955-03-02,8,43,36-45,153,2592800,1,超高频,高价值,1.0,1.0,1.0,26.5,有负债
5701,女,1959-11-22,2,39,36-45,353,3606082,1,超高频,高价值,1.0,1.0,0.0,47.3,有负债
5722,女,1959-10-07,64,39,36-45,429,5652076,1,超高频,高价值,0.0,0.0,0.0,68.9,无负债
5727,男,1953-02-24,54,45,36-45,153,2399353,1,超高频,高价值,1.0,1.0,1.0,22.6,有负债
5753,男,1948-05-23,39,50,46-55,187,2638571,1,超高频,高价值,0.0,0.0,0.0,30.9,无负债
5760,男,1948-05-08,66,50,46-55,392,2980967,1,超高频,高价值,1.0,1.0,0.0,60.4,有负债
5761,女,1941-05-11,66,57,>55,392,2980967,1,超高频,高价值,1.0,1.0,0.0,60.4,有负债
5858,男,1952-07-17,52,46,46-55,232,2820981,1,超高频,高价值,1.0,1.0,0.0,35.4,有负债
5859,女,1945-01-29,52,53,46-55,232,2820981,1,超高频,高价值,1.0,1.0,0.0,35.4,有负债
5873,女,1979-04-06,5,19,≤25,261,2711491,1,超高频,高价值,1.0,1.0,1.0,34.2,有负债
5911,男,1935-10-03,14,63,>55,410,4237719,1,超高频,高价值,1.0,1.0,1.0,67.4,有负债
5965,男,1951-04-10,50,47,46-55,560,5179057,1,超高频,高价值,1.0,1.0,0.0,71.4,有负债
6001,男,1937-05-01,60,61,>55,210,2797853,1,超高频,高价值,1.0,1.0,0.0,28.8,有负债
6034,男,1939-08-15,20,59,>55,308,3096660,1,超高频,高价值,1.0,0.0,0.0,53.8,无负债
6042,男,1963-10-12,53,35,26-35,254,3100334,1,超高频,高价值,1.0,1.0,0.0,37.1,有负债
6052,男,1949-04-06,40,49,46-55,407,4866840,1,超高频,高价值,0.0,0.0,0.0,65.2,无负债
6114,女,1940-02-15,66,58,>55,373,3948840,1,超高频,高价值,0.0,0.0,0.0,72.3,无负债
6115,女,1953-12-25,13,45,36-45,333,2387814,1,超高频,高价值,1.0,0.0,0.0,40.8,无负债
6178,女,1940-10-15,1,58,>55,453,4469689,1,超高频,高价值,1.0,1.0,1.0,67.3,有负债
6191,男,1952-12-24,74,46,46-55,496,6939123,1,超高频,高价值,0.0,0.0,0.0,67.8,无负债
6272,男,1942-10-10,1,56,>55,324,3354116,1,超高频,高价值,0.0,0.0,0.0,44.6,无负债
6299,男,1936-08-09,1,62,>55,301,4033318,1,超高频,高价值,1.0,0.0,1.0,41.1,无负债
6317,女,1957-01-27,77,41,36-45,454,7117530,1,超高频,高价值,1.0,1.0,0.0,67.3,有负债
6318,男,1950-03-05,77,48,46-55,454,7117530,1,超高频,高价值,1.0,1.0,0.0,67.3,有负债
6349,男,1972-12-03,72,26,26-35,408,3642046,1,超高频,高价值,1.0,1.0,0.0,63.1,有负债
6363,女,1973-10-20,4,25,≤25,233,2867866,1,超高频,高价值,1.0,0.0,0.0,36.2,无负债
6367,男,1970-04-28,44,28,26-35,462,6937482,1,超高频,高价值,1.0,1.0,0.0,72.6,有负债
6417,男,1950-01-07,40,49,46-55,601,4957023,1,超高频,高价值,1.0,1.0,0.0,69.1,有负债
6478,男,1951-05-20,3,47,46-55,350,4657406,1,超高频,高价值,0.0,0.0,0.0,65.7,无负债
6485,女,1962-05-21,48,36,36-45,348,4790276,1,超高频,高价值,0.0,0.0,0.0,68.8,无负债
6499,男,1963-02-01,44,35,26-35,427,2346750,1,超高频,高价值,1.0,1.0,0.0,68.4,有负债
6544,男,1974-08-04,66,24,≤25,480,4686646,1,超高频,高价值,1.0,1.0,0.0,51.1,有负债
6545,女,1978-09-09,66,20,≤25,480,4686646,1,超高频,高价值,1.0,1.0,0.0,51.1,有负债
6546,女,1963-08-22,1,35,26-35,516,3964016,1,超高频,高价值,0.0,0.0,0.0,69.0,无负债
6551,女,1948-08-12,24,50,46-55,458,4661974,1,超高频,高价值,1.0,0.0,0.0,69.6,无负债
6567,女,1978-11-21,5,20,≤25,530,4338775,1,超高频,高价值,1.0,0.0,1.0,70.4,无负债
6610,男,1954-06-03,57,44,36-45,283,3673700,1,超高频,高价值,1.0,1.0,1.0,37.0,有负债
6616,男,1953-06-18,1,45,36-45,403,5008651,1,超高频,高价值,1.0,1.0,0.0,65.5,有负债
6619,女,1943-12-18,43,55,46-55,371,2749542,1,超高频,高价值,0.0,0.0,0.0,70.2,无负债
6644,女,1959-09-06,1,39,36-45,189,2437869,1,超高频,高价值,0.0,0.0,1.0,32.7,无负债
6698,女,1952-07-13,43,46,46-55,369,3723739,1,超高频,高价值,0.0,0.0,0.0,68.1,无负债
6731,男,1943-11-26,13,55,46-55,382,5459720,1,超高频,高价值,1.0,1.0,0.0,54.4,有负债
6753,男,1962-05-23,15,36,36-45,291,3629324,1,超高频,高价值,1.0,1.0,1.0,34.6,有负债
6789,男,1979-03-26,57,19,≤25,565,5242068,1,超高频,高价值,1.0,1.0,1.0,71.8,有负债
6803,女,1980-12-07,5,18,≤25,326,4506995,1,超高频,高价值,1.0,1.0,0.0,50.3,有负债
6804,男,1981-06-07,5,17,≤25,326,4506995,1,超高频,高价值,1.0,1.0,0.0,50.3,有负债
6829,女,1963-12-24,10,35,26-35,327,2621159,1,超高频,高价值,1.0,1.0,0.0,48.5,有负债
6844,女,1971-09-05,53,27,26-35,199,2562783,1,超高频,高价值,0.0,0.0,0.0,36.9,无负债
6922,女,1939-04-27,14,59,>55,417,2774335,1,超高频,高价值,1.0,1.0,0.0,45.1,有负债
6936,女,1959-02-27,52,39,36-45,315,3217275,1,超高频,高价值,1.0,0.0,0.0,47.9,无负债
6944,男,1970-03-13,43,28,26-35,348,3662592,1,超高频,高价值,0.0,0.0,0.0,69.5,无负债
6946,女,1970-01-29,74,28,26-35,243,2458871,1,超高频,高价值,1.0,1.0,0.0,42.5,有负债
7043,男,1940-06-30,77,58,>55,202,2824694,1,超高频,高价值,0.0,0.0,0.0,25.1,无负债
7100,女,1961-09-23,30,37,36-45,372,4414078,1,超高频,高价值,0.0,0.0,0.0,72.0,无负债
7127,男,1957-09-29,3,41,36-45,464,5134772,1,超高频,高价值,1.0,1.0,1.0,72.2,有负债
7195,男,1962-09-11,50,36,36-45,628,4888225,1,超高频,高价值,1.0,1.0,1.0,64.7,有负债
7286,女,1970-02-10,47,28,26-35,353,2784678,1,超高频,高价值,1.0,1.0,1.0,65.2,有负债
7291,女,1940-12-02,77,58,>55,441,4468719,1,超高频,高价值,1.0,0.0,0.0,70.5,无负债
7299,男,1938-09-16,1,60,>55,580,3268798,1,超高频,高价值,1.0,1.0,0.0,69.3,有负债
7325,男,1975-01-24,24,23,≤25,202,2324592,1,超高频,高价值,1.0,1.0,1.0,28.5,有负债
7348,女,1977-10-26,6,21,≤25,220,2500616,1,超高频,高价值,1.0,0.0,0.0,27.8,无负债
7390,男,1937-11-04,1,61,>55,408,3032921,1,超高频,高价值,1.0,0.0,0.0,58.7,无负债
7422,男,1958-11-26,74,40,36-45,416,2927480,1,超高频,高价值,1.0,1.0,1.0,61.0,有负债
7423,女,1964-09-08,74,34,26-35,416,2927480,1,超高频,高价值,1.0,1.0,0.0,61.0,有负债
7434,女,1942-04-04,34,56,>55,194,2635588,1,超高频,高价值,1.0,1.0,1.0,26.0,有负债
7521,女,1960-02-09,74,38,36-45,401,5779391,1,超高频,高价值,1.0,1.0,0.0,66.2,有负债
7576,男,1962-07-10,38,36,36-45,398,3593916,1,超高频,高价值,1.0,1.0,1.0,66.3,有负债
7594,女,1949-04-07,64,49,46-55,280,3478761,1,超高频,高价值,1.0,1.0,0.0,45.6,有负债
7632,男,1948-01-11,1,51,46-55,264,2860369,1,超高频,高价值,0.0,0.0,0.0,52.5,无负债
7672,男,1953-04-05,26,45,36-45,462,3206870,1,超高频,高价值,1.0,1.0,1.0,62.1,有负债
7678,男,1962-04-07,3,36,36-45,282,3187429,1,超高频,高价值,1.0,1.0,0.0,43.8,有负债
7765,女,1958-02-24,1,40,36-45,244,2615656,1,超高频,高价值,1.0,1.0,0.0,44.5,有负债
7800,女,1957-08-30,16,41,36-45,233,2705665,1,超高频,高价值,0.0,0.0,0.0,40.3,无负债
7814,女,1976-01-06,61,23,≤25,381,4900497,1,超高频,高价值,1.0,1.0,0.0,59.6,有负债
7815,女,1946-01-19,4,52,46-55,473,5475314,1,超高频,高价值,1.0,0.0,0.0,72.2,无负债
7863,男,1959-03-12,72,39,36-45,276,3052262,1,超高频,高价值,0.0,0.0,0.0,55.5,无负债
7914,女,1966-10-24,38,32,26-35,438,4243603,1,超高频,高价值,1.0,1.0,0.0,70.9,有负债
7959,女,1978-06-29,1,20,≤25,224,3306497,1,超高频,高价值,1.0,1.0,1.0,26.8,有负债
8013,男,1942-06-22,43,56,>55,430,3751130,1,超高频,高价值,0.0,0.0,0.0,65.9,无负债
8064,女,1966-11-29,54,32,26-35,274,4104041,1,超高频,高价值,1.0,1.0,0.0,36.5,有负债
8091,男,1971-02-10,5,27,26-35,479,6336074,1,超高频,高价值,1.0,1.0,0.0,70.6,有负债
8105,男,1963-03-12,72,35,26-35,402,2585940,1,超高频,高价值,1.0,0.0,0.0,64.5,无负债
8217,男,1978-08-02,69,20,≤25,333,3221131,1,超高频,高价值,0.0,0.0,1.0,62.1,无负债
8327,女,1945-08-31,48,53,46-55,386,4750549,1,超高频,高价值,0.0,0.0,0.0,69.3,无负债
8342,男,1979-07-30,76,19,≤25,234,3003706,1,超高频,高价值,0.0,0.0,1.0,45.6,无负债
8359,男,1979-12-06,74,19,≤25,376,2932835,1,超高频,高价值,1.0,1.0,1.0,55.8,有负债
8366,女,1960-05-21,41,38,36-45,357,3324623,1,超高频,高价值,1.0,1.0,1.0,64.7,有负债
8432,女,1968-01-06,38,31,26-35,283,3669495,1,超高频,高价值,1.0,1.0,0.0,41.8,有负债
8433,男,1961-09-11,38,37,36-45,283,3669495,1,超高频,高价值,1.0,1.0,0.0,41.8,有负债
8463,男,1947-09-04,75,51,46-55,356,3737023,1,超高频,高价值,0.0,0.0,0.0,63.7,无负债
8598,女,1957-12-31,46,41,36-45,470,6326822,1,超高频,高价值,1.0,1.0,0.0,69.6,有负债
8615,女,1939-04-13,12,59,>55,379,3127562,1,超高频,高价值,1.0,1.0,0.0,45.4,有负债
8726,男,1953-08-10,10,45,36-45,423,5649392,1,超高频,高价值,0.0,0.0,0.0,70.6,无负债
9173,男,1945-02-04,1,53,46-55,478,3157653,1,超高频,高价值,1.0,1.0,0.0,71.2,有负债
9174,女,1940-10-09,1,58,>55,478,3157653,1,超高频,高价值,1.0,1.0,0.0,71.2,有负债
9202,男,1962-02-09,68,36,36-45,274,2961788,1,超高频,高价值,1.0,1.0,0.0,29.6,有负债
9226,女,1939-12-25,64,59,>55,539,4787866,1,超高频,高价值,1.0,1.0,0.0,70.5,有负债
9273,女,1955-08-26,39,43,36-45,415,3266717,1,超高频,高价值,1.0,1.0,0.0,66.1,有负债
9274,男,1958-04-05,39,40,36-45,415,3266717,1,超高频,高价值,1.0,1.0,0.0,66.1,有负债
9276,男,1946-11-06,4,52,46-55,230,2456835,1,超高频,高价值,0.0,0.0,1.0,39.6,无负债
9316,女,1958-10-26,63,40,36-45,386,2339400,1,超高频,高价值,1.0,1.0,0.0,52.9,有负债
9346,男,1972-12-10,43,26,26-35,431,2375784,1,超高频,高价值,1.0,1.0,0.0,52.7,有负债
9366,男,1975-06-26,72,23,≤25,295,3908322,1,超高频,高价值,1.0,1.0,0.0,48.2,有负债
9403,男,1974-03-22,16,24,≤25,323,2440590,1,超高频,高价值,1.0,1.0,0.0,35.0,有负债
9417,男,1949-03-08,21,49,46-55,402,4094561,1,超高频,高价值,1.0,1.0,0.0,46.3,有负债
9427,女,1970-11-09,62,28,26-35,283,3976149,1,超高频,高价值,1.0,1.0,1.0,47.4,有负债
9428,男,1965-05-09,62,33,26-35,283,3976149,1,超高频,高价值,1.0,1.0,0.0,47.4,有负债
9505,男,1958-08-21,1,40,36-45,258,2806117,1,超高频,高价值,1.0,1.0,0.0,29.8,有负债
9569,女,1950-07-18,19,48,46-55,194,2737085,1,超高频,高价值,1.0,1.0,1.0,30.2,有负债
9593,女,1968-01-28,74,30,26-35,500,6346658,1,超高频,高价值,1.0,1.0,1.0,71.8,有负债
9606,男,1949-02-16,52,49,46-55,327,3006997,1,超高频,高价值,1.0,1.0,0.0,54.5,有负债
9611,男,1958-05-27,23,40,36-45,435,5364674,1,超高频,高价值,1.0,1.0,0.0,63.9,有负债
9616,男,1962-09-19,74,36,36-45,437,3781371,1,超高频,高价值,0.0,0.0,0.0,64.5,无负债
9641,男,1945-01-26,64,53,46-55,355,4997291,1,超高频,高价值,1.0,1.0,1.0,48.6,有负债
9642,女,1937-09-03,64,61,>55,355,4997291,1,超高频,高价值,1.0,1.0,0.0,48.6,有负债
9663,男,1945-09-24,19,53,46-55,415,3141571,1,超高频,高价值,1.0,1.0,0.0,45.4,有负债
9664,女,1944-11-13,19,54,46-55,415,3141571,1,超高频,高价值,1.0,1.0,0.0,45.4,有负债
9675,女,1970-02-19,60,28,26-35,339,3405704,1,超高频,高价值,1.0,0.0,0.0,56.3,无负债
9702,女,1951-11-16,33,47,46-55,366,4208592,1,超高频,高价值,1.0,1.0,0.0,62.1,有负债
9715,女,1977-11-30,35,21,≤25,579,5347242,1,超高频,高价值,1.0,1.0,0.0,65.9,有负债
9717,女,1952-11-10,52,46,46-55,260,3459823,1,超高频,高价值,1.0,1.0,1.0,46.3,有负债
9718,男,1959-02-03,52,39,36-45,260,3459823,1,超高频,高价值,1.0,1.0,0.0,46.3,有负债
9760,男,1969-02-17,27,29,26-35,286,2889606,1,超高频,高价值,1.0,1.0,1.0,33.2,有负债
9798,女,1950-03-02,69,48,46-55,191,2369853,1,超高频,高价值,1.0,1.0,0.0,31.2,有负债
9820,女,1968-01-21,59,30,26-35,331,2623920,1,超高频,高价值,0.0,0.0,0.0,61.0,无负债
9833,男,1964-09-21,51,34,26-35,346,3660703,1,超高频,高价值,1.0,1.0,1.0,40.4,有负债
9834,女,1960-03-17,51,38,36-45,346,3660703,1,超高频,高价值,1.0,1.0,0.0,40.4,有负债
9844,男,1945-08-03,55,53,46-55,406,3352312,1,超高频,高价值,1.0,1.0,0.0,62.7,有负债
9845,女,1943-06-15,55,55,46-55,406,3352312,1,超高频,高价值,1.0,1.0,0.0,62.7,有负债
9872,女,1967-03-17,9,31,26-35,214,2878750,1,超高频,高价值,1.0,1.0,0.0,28.5,有负债
9880,女,1970-12-10,10,28,26-35,225,2791827,1,超高频,高价值,1.0,1.0,0.0,32.7,有负债
9915,男,1967-07-10,27,31,26-35,403,5473626,1,超高频,高价值,1.0,1.0,0.0,66.8,有负债
9933,男,1941-10-15,74,57,>55,442,5601356,1,超高频,高价值,1.0,1.0,1.0,63.6,有负债
9945,女,1968-04-14,31,30,26-35,416,3966074,1,超高频,高价值,1.0,1.0,0.0,71.8,有负债
9946,男,1960-04-20,31,38,36-45,416,3966074,1,超高频,高价值,1.0,1.0,0.0,71.8,有负债
9973,女,1945-10-03,24,53,46-55,533,5190132,1,超高频,高价值,1.0,0.0,0.0,64.9,无负债
9997,男,1962-06-07,67,36,36-45,161,2511858,1,超高频,高价值,1.0,1.0,0.0,25.6,有负债
10040,女,1968-10-30,37,30,26-35,392,4798383,1,超高频,高价值,1.0,1.0,1.0,51.4,有负债
10041,男,1968-04-17,37,30,26-35,392,4798383,1,超高频,高价值,1.0,1.0,0.0,51.4,有负债
10043,男,1965-10-29,45,33,26-35,413,2912982,1,超高频,高价值,1.0,1.0,1.0,67.2,有负债
10046,女,1946-09-17,5,52,46-55,432,3775133,1,超高频,高价值,0.0,0.0,0.0,69.5,无负债
10075,男,1964-07-01,48,34,26-35,220,2533292,1,超高频,高价值,1.0,1.0,0.0,31.0,有负债
10095,女,1976-02-06,1,22,≤25,423,5747571,1,超高频,高价值,1.0,1.0,1.0,66.9,有负债
10096,男,1978-01-05,1,21,≤25,423,5747571,1,超高频,高价值,1.0,1.0,0.0,66.9,有负债
10145,女,1965-07-25,4,33,26-35,459,5858463,1,超高频,高价值,0.0,0.0,1.0,65.3,无负债
10198,男,1976-05-24,31,22,≤25,425,6075896,1,超高频,高价值,1.0,1.0,1.0,70.3,有负债
10199,女,1979-08-13,31,19,≤25,425,6075896,1,超高频,高价值,1.0,1.0,0.0,70.3,有负债
10200,女,1980-02-16,13,18,≤25,675,3241957,1,超高频,高价值,1.0,1.0,0.0,68.7,有负债
10201,男,1985-10-19,13,13,≤25,675,3241957,1,超高频,高价值,1.0,1.0,0.0,68.7,有负债
10269,女,1940-05-11,70,58,>55,422,4508119,1,超高频,高价值,1.0,1.0,0.0,55.7,有负债
10282,男,1979-06-19,1,19,≤25,339,2572061,1,超高频,高价值,1.0,1.0,1.0,41.4,有负债
10287,女,1962-09-03,48,36,36-45,525,3137678,1,超高频,高价值,1.0,1.0,0.0,70.2,有负债
10288,男,1959-06-07,48,39,36-45,525,3137678,1,超高频,高价值,1.0,1.0,0.0,70.2,有负债
10350,女,1961-09-14,29,37,36-45,423,2796773,1,超高频,高价值,1.0,1.0,0.0,62.3,有负债
10351,男,1958-11-10,29,40,36-45,423,2796773,1,超高频,高价值,1.0,1.0,0.0,62.3,有负债
10355,女,1976-07-10,14,22,≤25,267,2750914,1,超高频,高价值,1.0,0.0,0.0,27.9,无负债
10382,女,1965-02-17,20,33,26-35,532,2663897,1,超高频,高价值,1.0,1.0,0.0,56.6,有负债
10389,女,1943-08-15,20,55,46-55,392,2361498,1,超高频,高价值,1.0,1.0,0.0,49.7,有负债
10475,女,1948-08-28,51,50,46-55,451,2392645,1,超高频,高价值,1.0,1.0,0.0,64.4,有负债
10476,男,1950-12-04,51,48,46-55,451,2392645,1,超高频,高价值,1.0,1.0,0.0,64.4,有负债
10510,女,1945-01-26,23,53,46-55,527,5581784,1,超高频,高价值,1.0,1.0,0.0,70.0,有负债
10511,男,1950-01-15,23,48,46-55,527,5581784,1,超高频,高价值,1.0,1.0,0.0,70.0,有负债
10517,女,1980-09-12,54,18,≤25,185,2527443,1,超高频,高价值,1.0,1.0,0.0,25.6,有负债
10528,女,1952-02-16,47,46,46-55,296,3134048,1,超高频,高价值,1.0,1.0,1.0,39.3,有负债
10543,女,1945-02-23,14,53,46-55,339,3408379,1,超高频,高价值,1.0,1.0,1.0,42.1,有负债
10563,男,1949-01-07,68,50,46-55,543,5258168,1,超高频,高价值,1.0,1.0,0.0,64.6,有负债
10564,女,1954-03-19,68,44,36-45,543,5258168,1,超高频,高价值,1.0,1.0,0.0,64.6,有负债
10566,女,1942-11-09,74,56,>55,452,3063544,1,超高频,高价值,1.0,0.0,0.0,63.7,无负债
10636,男,1971-08-03,64,27,26-35,549,6332062,1,超高频,高价值,1.0,1.0,1.0,62.6,有负债
10798,女,1980-03-23,1,18,≤25,420,4199069,1,超高频,高价值,0.0,0.0,1.0,64.4,无负债
10912,男,1963-01-09,15,36,36-45,393,4174359,1,超高频,高价值,0.0,0.0,1.0,49.2,无负债
10960,男,1942-02-20,28,56,>55,237,3384068,1,超高频,高价值,0.0,0.0,0.0,32.5,无负债
10963,男,1944-06-15,1,54,46-55,471,4663441,1,超高频,高价值,1.0,1.0,0.0,52.6,有负债
11004,男,1947-11-16,63,51,46-55,360,3835523,1,超高频,高价值,1.0,1.0,1.0,36.5,有负债
11008,女,1969-05-19,51,29,26-35,440,2449954,1,超高频,高价值,0.0,0.0,0.0,67.8,无负债
11034,男,1972-02-19,1,26,26-35,391,3428506,1,超高频,高价值,0.0,0.0,0.0,62.5,无负债
11063,女,1955-11-04,64,43,36-45,477,4389225,1,超高频,高价值,1.0,1.0,0.0,64.1,有负债
11064,男,1953-07-09,64,45,36-45,477,4389225,1,超高频,高价值,1.0,1.0,0.0,64.1,有负债
11093,男,1959-01-29,40,39,36-45,433,4509801,1,超高频,高价值,1.0,1.0,0.0,52.7,有负债
11126,女,1965-01-22,1,33,26-35,611,3290892,1,超高频,高价值,1.0,1.0,0.0,67.1,有负债
11136,女,1944-07-27,3,54,46-55,427,4379983,1,超高频,高价值,0.0,0.0,0.0,65.9,无负债
11149,男,1965-07-14,43,33,26-35,303,3159773,1,超高频,高价值,1.0,0.0,0.0,40.7,无负债
11195,男,1953-12-05,58,45,36-45,580,2705360,1,超高频,高价值,1.0,1.0,1.0,67.5,有负债
11208,女,1957-03-05,10,41,36-45,403,3437911,1,超高频,高价值,1.0,1.0,0.0,60.2,有负债
11319,女,1942-04-14,1,56,>55,277,2623573,1,超高频,高价值,0.0,0.0,1.0,53.3,无负债
11329,女,1961-01-31,69,37,36-45,206,2433839,1,超高频,高价值,1.0,1.0,0.0,26.5,有负债
11331,女,1944-12-14,70,54,46-55,540,6516220,1,超高频,高价值,0.0,0.0,1.0,71.1,无负债
11359,男,1972-08-20,11,26,26-35,264,2562317,1,超高频,高价值,1.0,1.0,0.0,36.5,有负债
11360,女,1972-04-19,11,26,26-35,264,2562317,1,超高频,高价值,1.0,1.0,0.0,36.5,有负债
11409,女,1980-05-02,32,18,≤25,643,5590882,1,超高频,高价值,1.0,1.0,1.0,71.9,有负债
11461,男,1974-07-08,70,24,≤25,649,4964583,1,超高频,高价值,1.0,1.0,0.0,72.3,有负债
11497,女,1959-07-17,11,39,36-45,526,3172499,1,超高频,高价值,1.0,1.0,1.0,64.5,有负债
11516,男,1938-11-09,59,60,>55,230,2393998,1,超高频,高价值,1.0,1.0,0.0,38.5,有负债
11517,女,1940-05-21,59,58,>55,230,2393998,1,超高频,高价值,1.0,1.0,0.0,38.5,有负债
11545,女,1966-01-22,1,32,26-35,347,2787639,1,超高频,高价值,1.0,1.0,1.0,40.1,有负债
11574,女,1944-04-20,1,54,46-55,431,2675018,1,超高频,高价值,1.0,1.0,0.0,70.2,有负债
11596,女,1940-12-04,70,58,>55,269,3171063,1,超高频,高价值,1.0,1.0,1.0,34.4,有负债
11662,男,1972-04-03,76,26,26-35,454,4485998,1,超高频,高价值,1.0,1.0,0.0,66.8,有负债
11683,男,1980-01-28,7,18,≤25,235,2727542,1,超高频,高价值,1.0,1.0,1.0,29.2,有负债
11701,男,1949-04-14,9,49,46-55,198,2813119,1,超高频,高价值,1.0,1.0,1.0,35.6,有负债
11794,女,1970-10-07,31,28,26-35,421,5439570,1,超高频,高价值,1.0,1.0,0.0,56.2,有负债
11795,男,1977-02-23,31,21,≤25,421,5439570,1,超高频,高价值,1.0,1.0,0.0,56.2,有负债
11804,男,1944-12-12,74,54,46-55,457,4371113,1,超高频,高价值,1.0,1.0,0.0,68.4,有负债
11851,男,1970-04-02,65,28,26-35,360,4705138,1,超高频,高价值,1.0,1.0,0.0,54.1,有负债
11857,男,1952-08-26,70,46,46-55,276,2662518,1,超高频,高价值,1.0,0.0,0.0,36.3,无负债
11866,男,1937-09-02,1,61,>55,530,3450234,1,超高频,高价值,1.0,1.0,0.0,70.7,有负债
11867,女,1934-11-19,1,64,>55,530,3450234,1,超高频,高价值,1.0,1.0,0.0,70.7,有负债
11873,女,1963-11-20,38,35,26-35,230,2644572,1,超高频,高价值,1.0,1.0,0.0,35.8,有负债
11886,女,1941-09-13,61,57,>55,481,5595720,1,超高频,高价值,1.0,1.0,0.0,62.5,有负债
11943,男,1961-07-09,1,37,36-45,433,4804103,1,超高频,高价值,0.0,0.0,0.0,66.5,无负债
11947,男,1964-05-29,70,34,26-35,483,5150672,1,超高频,高价值,0.0,0.0,0.0,69.3,无负债
12003,男,1976-06-23,74,22,≤25,416,4306964,1,超高频,高价值,1.0,0.0,0.0,56.4,无负债
12050,男,1943-05-30,52,55,46-55,376,3639220,1,超高频,高价值,1.0,1.0,1.0,38.3,有负债
12051,女,1936-09-30,52,62,>55,376,3639220,1,超高频,高价值,1.0,1.0,0.0,38.3,有负债
12079,女,1972-08-12,64,26,26-35,407,3657362,1,超高频,高价值,1.0,1.0,1.0,48.1,有负债
12095,男,1939-02-27,47,59,>55,406,4607578,1,超高频,高价值,1.0,1.0,0.0,68.4,有负债
12102,女,1968-09-07,21,30,26-35,547,7037966,1,超高频,高价值,1.0,1.0,0.0,66.2,有负债
12144,男,1980-11-23,2,18,≤25,465,3044422,1,超高频,高价值,1.0,1.0,1.0,65.3,有负债
12145,女,1982-06-25,2,16,≤25,465,3044422,1,超高频,高价值,1.0,1.0,0.0,65.3,有负债
12163,男,1954-06-16,1,44,36-45,489,4488119,1,超高频,高价值,0.0,0.0,0.0,70.5,无负债
12325,男,1964-10-30,8,34,26-35,250,2606945,1,超高频,高价值,1.0,1.0,0.0,43.2,有负债
12344,女,1940-06-20,26,58,>55,310,2937348,1,超高频,高价值,0.0,0.0,0.0,64.5,无负债
12378,女,1946-08-27,76,52,46-55,263,4191036,1,超高频,高价值,1.0,1.0,1.0,33.6,有负债
12396,女,1970-01-17,62,28,26-35,438,5318376,1,超高频,高价值,1.0,1.0,1.0,68.9,有负债
12397,男,1973-06-02,62,25,≤25,438,5318376,1,超高频,高价值,1.0,1.0,0.0,68.9,有负债
12416,男,1973-05-30,1,25,≤25,470,4696529,1,超高频,高价值,1.0,1.0,0.0,54.8,有负债
12417,女,1974-01-03,1,25,≤25,470,4696529,1,超高频,高价值,1.0,1.0,0.0,54.8,有负债
12432,男,1965-03-07,55,33,26-35,499,5903669,1,超高频,高价值,1.0,1.0,0.0,69.1,有负债
12464,男,1959-12-17,39,39,36-45,399,2894072,1,超高频,高价值,1.0,0.0,0.0,62.0,无负债
12577,女,1950-05-05,62,48,46-55,387,3888086,1,超高频,高价值,0.0,0.0,1.0,64.1,无负债
12599,男,1956-01-01,44,43,36-45,133,2360456,1,超高频,高价值,1.0,1.0,1.0,16.2,有负债
12625,男,1958-12-07,54,40,36-45,453,4400811,1,超高频,高价值,1.0,0.0,0.0,67.7,无负债
12695,男,1979-03-16,68,19,≤25,441,3752972,1,超高频,高价值,1.0,1.0,0.0,66.7,有负债
12750,女,1940-05-25,21,58,>55,160,2820132,1,超高频,高价值,1.0,1.0,1.0,30.8,有负债
12754,男,1960-08-20,55,38,36-45,487,2341768,1,超高频,高价值,1.0,1.0,0.0,72.5,有负债
12755,女,1959-11-01,55,39,36-45,487,2341768,1,超高频,高价值,1.0,1.0,0.0,72.5,有负债
12756,女,1949-01-21,22,49,46-55,352,3136576,1,超高频,高价值,1.0,0.0,0.0,40.6,无负债
12810,男,1964-10-14,39,34,26-35,322,2396351,1,超高频,高价值,1.0,1.0,1.0,37.8,有负债
12843,男,1953-05-05,66,45,36-45,421,5010889,1,超高频,高价值,1.0,1.0,1.0,62.2,有负债
12890,女,1958-01-20,70,40,36-45,193,2308493,1,超高频,高价值,1.0,1.0,0.0,34.7,有负债
12943,男,1970-10-12,55,28,26-35,202,2334946,1,超高频,高价值,1.0,1.0,1.0,38.8,有负债
12991,男,1947-01-16,51,51,46-55,222,2798234,1,超高频,高价值,0.0,0.0,1.0,28.8,无负债
13090,女,1980-04-18,2,18,≤25,163,2531334,1,超高频,高价值,1.0,1.0,0.0,24.7,有负债
13102,男,1949-04-15,8,49,46-55,380,2778847,1,超高频,高价值,0.0,0.0,0.0,68.9,无负债
13113,男,1976-11-25,11,22,≤25,473,5658134,1,超高频,高价值,1.0,1.0,1.0,61.7,有负债
13123,女,1978-02-17,56,20,≤25,468,5504343,1,超高频,高价值,0.0,0.0,0.0,62.3,无负债
13201,男,1937-05-17,31,61,>55,550,5091445,1,超高频,高价值,1.0,1.0,1.0,69.5,有负债
13261,男,1944-08-01,75,54,46-55,286,3263181,1,超高频,高价值,1.0,1.0,0.0,27.8,有负债
13262,女,1938-02-09,75,60,>55,286,3263181,1,超高频,高价值,1.0,1.0,0.0,27.8,有负债
13285,男,1935-12-25,34,63,>55,190,2346907,1,超高频,高价值,1.0,1.0,0.0,34.1,有负债
13406,女,1978-04-18,42,20,≤25,389,4190984,1,超高频,高价值,0.0,0.0,1.0,62.5,无负债
13412,男,1954-03-20,1,44,36-45,460,3287346,1,超高频,高价值,1.0,1.0,0.0,68.1,有负债
13447,女,1970-05-05,13,28,26-35,428,3281854,1,超高频,高价值,1.0,1.0,0.0,64.5,有负债
13448,男,1968-07-08,13,30,26-35,428,3281854,1,超高频,高价值,1.0,1.0,0.0,64.5,有负债
13451,女,1955-11-18,44,43,36-45,441,6275675,1,超高频,高价值,1.0,1.0,0.0,55.7,有负债
13480,男,1953-06-01,16,45,36-45,284,3309445,1,超高频,高价值,1.0,1.0,0.0,44.1,有负债
13490,女,1969-05-25,18,29,26-35,474,6246871,1,超高频,高价值,1.0,1.0,0.0,69.4,有负债
13539,男,1978-09-07,63,20,≤25,571,6376289,1,超高频,高价值,1.0,1.0,1.0,71.6,有负债
13548,男,1976-03-18,1,22,≤25,499,5041803,1,超高频,高价值,1.0,0.0,0.0,65.7,无负债
13576,男,1974-07-07,72,24,≤25,321,3673743,1,超高频,高价值,1.0,1.0,1.0,47.8,有负债
13620,男,1970-07-26,16,28,26-35,246,4041912,1,超高频,高价值,1.0,1.0,1.0,38.3,有负债
13657,女,1963-05-12,59,35,26-35,492,5552154,1,超高频,高价值,1.0,1.0,0.0,68.4,有负债
13658,男,1957-04-23,59,41,36-45,492,5552154,1,超高频,高价值,1.0,1.0,0.0,68.4,有负债
13690,男,1963-05-16,70,35,26-35,325,5371592,1,超高频,高价值,1.0,1.0,1.0,41.1,有负债
13750,女,1980-11-13,12,18,≤25,339,4222474,1,超高频,高价值,1.0,1.0,1.0,50.0,有负债
13751,男,1979-07-20,12,19,≤25,339,4222474,1,超高频,高价值,1.0,1.0,0.0,50.0,有负债
13886,女,1954-04-12,44,44,36-45,563,2880887,1,超高频,高价值,0.0,0.0,0.0,72.4,无负债
13915,男,1974-11-23,77,24,≤25,364,2518619,1,超高频,高价值,0.0,0.0,0.0,68.2,无负债
13931,男,1942-01-01,8,57,>55,368,3295824,1,超高频,高价值,0.0,0.0,0.0,56.0,无负债
13955,女,1945-10-30,1,53,46-55,304,3957378,1,超高频,高价值,1.0,1.0,0.0,43.9,有负债
13956,男,1943-04-06,1,55,46-55,304,3957378,1,超高频,高价值,1.0,1.0,0.0,43.9,有负债
13968,男,1968-04-13,61,30,26-35,378,2948097,1,超高频,高价值,1.0,1.0,1.0,51.8,有负债
13998,女,1953-08-12,74,45,36-45,253,2623182,1,超高频,高价值,0.0,0.0,0.0,41.0,无负债
