account_id,date,amount,组内序次,累计金额,金额排名
998,1998-12-15,87400,340,3323165,1
4462,1998-06-06,87300,148,1088296,2
2915,1996-06-14,86400,199,3644140,3
4130,1998-06-19,85800,34,387282,4
4014,1998-06-15,81900,237,3568365,5
3886,1997-06-14,80700,190,2656699,6
4269,1996-06-28,80700,34,623247,6
390,1997-06-22,80400,118,1914742,8
8759,1995-06-07,80400,159,2368930,8
2419,1998-06-10,80100,375,5488967,10
2598,1996-06-20,78900,13,262099,11
3273,1996-06-21,78900,28,642939,11
4470,1995-06-20,78900,107,1774442,11
3675,1997-06-25,78600,319,5131140,14
11141,1997-06-08,78600,14,254267,14
