ProductID,ProductName,CategoryID
1,苹果汁,1
2,牛奶,1
3,蕃茄酱,2
4,盐,2
5,麻油,2
6,酱油,2
7,海鲜粉,7
8,胡椒粉,2
9,鸡,6
10,蟹,8
11,民众奶酪,4
12,德国奶酪,4
13,龙虾,8
14,沙茶,7
15,味精,2
16,饼干,3
17,猪肉,6
18,墨鱼,8
19,糖果,3
20,桂花糕,3
21,花生,3
22,糯米,5
23,燕麦,5
24,汽水,1
25,巧克力,3
26,棉花糖,3
27,牛肉干,3
28,烤肉酱,7
29,鸭肉,6
30,黄鱼,8
31,温馨奶酪,4
32,白奶酪,4
33,浪花奶酪,4
34,啤酒,1
35,蜜桃汁,1
36,鱿鱼,8
37,干贝,8
38,绿茶,1
39,运动饮料,1
40,虾米,8
41,虾子,8
42,糙米,5
43,柳橙汁,1
44,蚝油,2
45,雪鱼,8
46,蚵,8
47,蛋糕,3
48,玉米片,3
49,薯条,3
50,玉米饼,3
51,猪肉干,7
52,三合一麦片,5
53,盐水鸭,6
54,鸡肉,6
55,鸭肉,6
56,白米,5
57,小米,5
58,海参,8
59,苏澳奶酪,4
60,花奶酪,4
61,海鲜酱,2
62,山渣片,3
63,甜辣酱,2
64,黄豆,5
65,海苔酱,2
66,肉松,2
67,矿泉水,1
68,绿豆糕,3
69,黑奶酪,4
70,苏打水,1
71,义大利奶酪,4
72,酸奶酪,4
73,海哲皮,8
74,鸡精,7
75,浓缩咖啡,1
76,柠檬汁,1
77,辣椒粉,2
