OrderID,EmployeeID,ShipProvince,OrderDate
10249,6,山东省,2021-05-05
10250,4,河北省,2021-05-07
10251,3,江苏省,2021-05-10
10252,4,吉林省,2021-05-13
10253,3,山西省,2021-05-16
10254,5,湖北省,2021-05-19
10255,9,北京市,2021-05-22
10256,3,山东省,2021-05-26
10257,4,上海市,2021-05-28
10258,1,山东省,2020-07-17
10259,4,上海市,2020-07-18
10260,4,北京市,2021-05-05
10261,4,山东省,2021-05-09
10262,8,上海市,2021-05-11
10263,9,北京市,2021-05-14
10264,6,北京市,2021-05-18
10265,2,广东省,2021-05-20
10266,3,北京市,2021-05-22
10267,4,上海市,2021-05-23
10268,8,山东省,2021-05-26
10269,5,山东省,2021-05-28
10270,1,北京市,2020-08-01
10271,6,上海市,2020-08-01
10272,6,北京市,2020-08-02
10273,3,山东省,2020-08-05
10274,6,北京市,2020-08-06
10275,1,北京市,2021-05-06
10276,8,山东省,2021-05-08
10277,2,江苏省,2021-05-10
10278,8,江苏省,2021-05-12
10279,8,山东省,2021-05-16
10280,2,江苏省,2021-05-17
10281,4,广东省,2021-05-20
10282,4,上海市,2021-05-23
10283,3,河北省,2021-05-25
10284,4,山东省,2021-05-29
10285,1,山东省,2020-08-20
10286,8,山东省,2020-08-21
10287,8,广东省,2020-08-22
10288,4,北京市,2020-08-23
10289,7,江苏省,2020-08-26
10290,8,云南省,2020-08-27
10291,6,山东省,2021-05-05
10292,1,山东省,2021-05-08
10293,1,山东省,2021-05-09
10294,4,北京市,2021-05-13
10295,2,北京市,2021-05-18
10296,6,广东省,2021-05-19
10297,5,福建省,2021-05-22
10298,6,北京市,2021-05-24
10299,4,浙江省,2021-05-28
10300,2,广东省,2020-09-09
10301,8,河北省,2020-09-09
10302,4,山东省,2020-09-10
10303,7,山东省,2020-09-11
10304,1,山东省,2020-09-12
10305,8,北京市,2020-09-13
10306,1,北京市,2020-09-16
10307,2,山东省,2020-09-17
10308,7,广东省,2020-09-18
10309,3,吉林省,2020-09-19
10310,8,河北省,2020-09-20
10311,1,重庆市,2020-09-20
10312,2,北京市,2020-09-23
10313,2,北京市,2020-09-24
10314,1,北京市,2020-09-25
10315,4,吉林省,2020-09-26
10316,1,河北省,2020-09-27
10317,6,江西省,2020-09-30
10318,8,吉林省,2020-10-01
10319,7,广东省,2020-10-02
10320,5,浙江省,2020-10-03
10321,3,吉林省,2020-10-03
10322,7,云南省,2020-10-04
10323,4,河北省,2020-10-07
10324,9,重庆市,2020-10-08
10325,1,福建省,2020-10-09
10326,4,福建省,2020-10-10
10327,2,重庆市,2020-10-11
10328,4,北京市,2020-10-14
10329,4,北京市,2020-10-15
10330,3,山东省,2020-10-16
10331,9,四川省,2020-10-16
10332,3,辽宁省,2020-10-17
10333,5,天津市,2020-10-18
10334,8,北京市,2020-10-21
10335,7,吉林省,2020-10-22
10336,7,北京市,2020-10-23
10337,4,天津市,2020-10-24
10338,4,河北省,2020-10-25
10339,2,天津市,2020-10-28
10340,1,重庆市,2020-10-29
10341,7,吉林省,2020-10-29
10342,4,重庆市,2020-10-30
10343,4,天津市,2020-10-31
10344,4,天津市,2020-11-01
10345,2,吉林省,2020-11-04
10346,3,河北省,2020-11-05
10347,4,河北省,2020-11-06
10348,4,天津市,2020-11-07
10349,7,北京市,2020-11-08
10350,6,云南省,2020-11-11
10351,1,江西省,2020-11-11
10352,3,北京市,2020-11-12
10353,7,天津市,2020-11-13
10354,8,重庆市,2020-11-14
10355,6,山东省,2020-11-15
10356,6,福建省,2020-11-18
10357,1,浙江省,2020-11-19
10358,5,天津市,2020-11-20
10359,5,江苏省,2020-11-21
10360,4,山东省,2020-11-22
10361,1,吉林省,2020-11-22
10362,3,天津市,2020-11-25
10363,4,天津市,2020-11-26
10364,1,江苏省,2020-11-26
10365,3,河北省,2020-11-27
10366,8,海南省,2020-11-28
10367,7,天津市,2020-11-28
10368,2,辽宁省,2020-11-29
10369,8,天津市,2020-06-02
10370,6,吉林省,2020-06-03
10371,1,重庆市,2020-06-03
10372,5,天津市,2020-06-04
10373,4,吉林省,2020-06-05
10374,1,天津市,2020-06-05
10375,3,浙江省,2020-06-06
10376,1,河北省,2020-06-09
10377,1,江苏省,2020-06-09
10378,5,江西省,2020-06-10
10379,2,云南省,2020-06-11
10380,8,吉林省,2020-06-12
10381,3,浙江省,2020-06-12
10382,4,天津市,2020-06-13
10383,8,吉林省,2020-06-16
10384,3,福建省,2020-06-16
10385,1,重庆市,2020-06-17
10386,9,浙江省,2020-06-18
10387,1,重庆市,2020-06-18
10388,2,江苏省,2020-06-19
10389,4,山东省,2020-06-20
10390,6,四川省,2020-06-23
10391,3,天津市,2020-06-23
10392,2,天津市,2020-06-24
10393,1,河北省,2020-06-25
10394,1,河北省,2020-06-25
10395,6,辽宁省,2020-06-26
10396,1,海南省,2020-06-27
10397,5,天津市,2020-06-27
10398,2,重庆市,2020-06-30
10399,8,吉林省,2020-01-14
10400,1,江苏省,2020-01-01
10401,1,辽宁省,2020-01-01
10402,8,天津市,2020-01-02
10403,4,天津市,2020-01-03
10404,2,天津市,2020-01-03
10405,1,浙江省,2020-01-06
10406,7,江西省,2020-01-07
10407,2,河北省,2020-01-07
10408,8,云南省,2020-01-08
10409,3,上海市,2020-01-09
10410,3,上海市,2020-01-10
10411,9,天津市,2020-01-10
10412,8,天津市,2020-01-13
10413,3,云南省,2020-01-14
10414,2,福建省,2020-01-14
10415,3,浙江省,2020-01-15
10416,8,天津市,2020-01-16
10417,4,重庆市,2020-01-16
10418,4,吉林省,2020-01-17
10419,4,四川省,2020-01-20
10420,3,天津市,2020-01-21
10421,8,天津市,2020-01-21
10422,2,河北省,2020-01-22
10423,6,吉林省,2020-01-23
10424,7,天津市,2020-01-23
10425,6,重庆市,2020-01-24
10426,4,海南省,2020-01-27
10427,4,天津市,2020-01-27
10428,7,吉林省,2020-01-28
10429,3,吉林省,2020-01-29
10430,4,重庆市,2020-01-30
10431,4,辽宁省,2020-01-30
10432,3,江苏省,2020-01-31
10433,3,江苏省,2020-02-03
10434,3,江西省,2020-02-03
10435,8,江苏省,2020-02-04
10436,3,重庆市,2020-02-05
10437,8,云南省,2020-02-05
10438,3,天津市,2020-02-06
10439,6,浙江省,2020-02-07
10440,4,天津市,2020-02-10
10441,3,山东省,2020-02-10
10442,3,福建省,2020-02-11
10443,8,天津市,2020-02-12
10444,3,江苏省,2020-02-12
10445,3,江苏省,2020-02-13
10446,6,四川省,2020-02-14
10447,4,山东省,2020-02-14
10448,4,天津市,2020-02-17
10449,3,重庆市,2020-02-18
10450,8,江苏省,2020-02-19
10451,4,吉林省,2020-02-19
10452,8,河北省,2020-02-20
10453,1,河北省,2020-02-21
10454,4,天津市,2020-02-21
10455,8,天津市,2020-02-24
10456,8,海南省,2020-02-25
10457,2,吉林省,2020-02-25
10458,7,吉林省,2020-02-26
10459,4,江苏省,2020-02-27
10460,8,辽宁省,2020-02-28
10461,1,江西省,2020-02-28
10462,2,江苏省,2020-03-03
10463,5,吉林省,2020-03-04
10464,4,江苏省,2020-03-04
10465,1,江苏省,2020-03-05
10466,4,云南省,2020-03-06
10467,8,河北省,2020-03-06
10468,3,河北省,2020-03-07
10469,1,浙江省,2020-03-10
10470,4,天津市,2020-03-11
10471,2,江苏省,2020-03-11
10472,8,江苏省,2020-03-12
10473,1,福建省,2020-03-13
10474,5,江苏省,2020-03-13
10475,9,上海市,2020-03-14
10476,8,山东省,2020-03-17
10477,5,江苏省,2020-03-17
10478,2,江苏省,2020-03-18
10479,3,天津市,2020-03-19
10480,6,江苏省,2020-03-20
10481,8,河北省,2020-03-20
10482,1,天津市,2020-03-21
10483,7,天津市,2020-03-24
10484,3,江苏省,2020-03-24
10485,4,天津市,2020-03-25
10486,1,吉林省,2020-03-26
10487,2,辽宁省,2020-03-26
10488,8,辽宁省,2020-03-27
10489,6,江西省,2020-03-28
10490,7,上海市,2020-03-31
10491,8,江苏省,2020-03-31
10492,3,天津市,2020-04-01
10493,4,天津市,2020-04-02
10494,4,天津市,2020-04-02
10495,3,云南省,2020-04-03
10496,7,河北省,2020-04-04
10497,7,天津市,2020-04-04
10498,8,河北省,2020-04-07
10499,4,北京市,2020-04-08
10500,6,福建省,2020-04-09
10501,9,天津市,2020-04-09
10502,2,江苏省,2020-04-10
10503,6,天津市,2020-04-11
10504,4,重庆市,2020-04-11
10505,3,山东省,2020-04-14
10506,9,广东省,2021-05-20
10507,7,重庆市,2020-04-15
10508,1,天津市,2020-04-16
10509,4,河北省,2020-04-17
10510,6,辽宁省,2020-04-18
10511,4,河北省,2020-04-18
10512,7,天津市,2020-04-21
10513,7,天津市,2020-04-22
10514,3,天津市,2020-04-22
10515,2,吉林省,2020-04-23
10516,2,海南省,2020-04-24
10517,3,江苏省,2020-04-24
10518,4,江西省,2020-04-25
10519,6,天津市,2020-04-28
10520,7,辽宁省,2020-04-29
10521,8,天津市,2020-04-29
10522,4,天津市,2020-04-30
10523,7,江苏省,2020-05-01
10524,1,云南省,2020-05-01
10525,1,山东省,2020-05-02
10526,4,河北省,2020-05-05
10527,7,天津市,2020-05-05
10528,6,河北省,2020-05-06
10529,5,福建省,2020-05-07
10530,3,天津市,2020-05-08
10531,7,江苏省,2020-05-08
10532,7,江苏省,2020-05-09
10533,8,四川省,2020-05-12
10534,8,重庆市,2020-05-12
10535,4,山东省,2020-05-13
10536,3,天津市,2020-05-14
10537,1,重庆市,2020-05-14
10538,9,江苏省,2020-05-15
10539,6,江苏省,2020-05-16
10540,3,河北省,2020-05-19
10541,2,河北省,2020-05-19
10542,1,天津市,2020-05-20
10543,8,辽宁省,2020-05-21
10544,4,吉林省,2020-05-21
10545,8,天津市,2020-05-22
10546,1,江苏省,2020-05-23
10547,3,江苏省,2020-05-23
10548,3,天津市,2020-05-26
10549,5,天津市,2020-05-27
10550,7,辽宁省,2020-05-28
10551,4,江苏省,2020-05-28
10552,2,天津市,2020-05-29
10553,2,云南省,2020-05-30
10554,4,天津市,2020-05-30
10555,6,山东省,2020-06-02
10556,2,河北省,2020-06-03
10557,9,天津市,2020-06-03
10558,1,福建省,2020-06-04
10559,6,浙江省,2020-06-05
10560,8,江苏省,2020-06-06
10561,2,天津市,2020-06-06
10562,1,四川省,2020-06-09
10563,2,山东省,2020-06-10
10564,4,重庆市,2020-06-10
10565,8,重庆市,2020-06-11
10566,9,天津市,2020-06-12
10567,1,河北省,2020-06-12
10568,3,重庆市,2020-06-13
10569,5,天津市,2020-06-16
10570,3,天津市,2020-06-17
10571,8,天津市,2020-06-17
10572,3,江苏省,2020-06-18
10573,7,吉林省,2020-06-19
10574,4,河北省,2020-06-19
10575,5,江苏省,2020-06-20
10576,3,江西省,2020-06-23
10577,9,天津市,2020-06-23
10578,4,江苏省,2020-06-24
10579,1,天津市,2020-06-25
10580,4,辽宁省,2020-06-26
10581,3,天津市,2020-06-26
10582,3,云南省,2020-06-27
10583,2,天津市,2020-06-30
10584,4,天津市,2020-06-30
10585,7,江苏省,2020-07-01
10586,9,河北省,2020-07-02
10587,1,福建省,2020-07-02
10588,2,河北省,2020-07-03
10589,8,山东省,2020-07-04
10590,4,天津市,2020-07-07
10591,1,四川省,2020-07-07
10592,3,山东省,2020-07-08
10593,7,天津市,2020-07-09
10594,3,重庆市,2020-07-09
10595,2,山东省,2020-07-10
10596,8,河北省,2020-07-11
10597,7,天津市,2020-07-11
10598,1,重庆市,2020-07-14
10599,6,江苏省,2020-07-15
10600,4,天津市,2020-07-16
10601,7,河北省,2020-07-16
10602,8,吉林省,2020-07-17
10603,8,天津市,2020-07-18
10604,1,江苏省,2020-07-18
10605,1,江西省,2020-07-21
10606,4,海南省,2020-07-22
10607,5,天津市,2020-07-22
10608,4,天津市,2020-07-23
10609,7,天津市,2020-07-24
10610,8,辽宁省,2020-07-25
10611,6,云南省,2020-07-25
10612,1,天津市,2020-07-28
10613,4,上海市,2020-07-29
10614,8,天津市,2020-07-29
10615,2,天津市,2020-07-30
10616,1,福建省,2020-07-31
10617,4,天津市,2020-07-31
10618,1,山东省,2020-08-01
10619,3,浙江省,2020-08-04
10620,2,四川省,2020-08-05
10621,4,浙江省,2020-08-05
10622,4,天津市,2020-08-06
10623,8,天津市,2020-08-07
10624,4,重庆市,2020-08-07
10625,3,河北省,2020-08-08
10626,1,江苏省,2020-08-11
10627,8,天津市,2020-08-11
10628,4,重庆市,2020-08-12
10629,4,天津市,2020-08-12
10630,1,河北省,2020-08-13
10631,8,天津市,2020-08-14
10632,8,天津市,2020-08-14
10633,7,北京市,2020-08-15
10634,4,江苏省,2020-08-15
10635,8,江西省,2020-08-18
10636,4,海南省,2020-08-19
10637,6,天津市,2020-08-19
10638,3,天津市,2020-08-20
10639,7,北京市,2020-08-20
10640,4,云南省,2020-08-21
10641,4,辽宁省,2020-08-22
10642,7,上海市,2020-08-22
10643,6,上海市,2020-08-25
10644,3,天津市,2020-08-25
10645,4,福建省,2020-08-26
10646,9,河北省,2020-08-27
10647,4,江苏省,2020-08-27
10648,5,河北省,2020-08-28
10649,5,四川省,2020-08-28
10650,5,山东省,2020-08-29
10651,8,北京市,2020-09-01
10652,4,天津市,2020-09-01
10653,1,天津市,2020-09-02
10654,5,江苏省,2020-09-02
10655,1,河北省,2020-09-03
10656,6,上海市,2020-09-04
10657,2,上海市,2020-09-04
10658,4,重庆市,2020-09-05
10659,7,河北省,2020-09-05
10660,8,天津市,2020-09-08
10661,7,辽宁省,2020-09-09
10662,3,天津市,2020-09-09
10663,2,江西省,2020-09-10
10664,1,江苏省,2020-09-10
10665,1,天津市,2020-09-11
10666,7,海南省,2020-09-12
10667,7,天津市,2020-09-12
10668,1,天津市,2020-09-15
10669,2,云南省,2020-09-15
10670,4,辽宁省,2020-09-16
10671,1,天津市,2020-09-17
10672,9,江苏省,2020-09-17
10673,2,天津市,2020-09-18
10674,4,福建省,2020-09-18
10675,5,江苏省,2020-09-19
10676,2,江苏省,2020-09-22
10677,1,天津市,2020-09-22
10678,7,河北省,2020-09-23
10679,8,山东省,2020-09-23
10680,1,天津市,2020-09-24
10681,3,浙江省,2020-09-25
10682,3,天津市,2020-09-25
10683,2,河北省,2020-09-26
10684,3,重庆市,2020-09-26
10685,4,山东省,2020-09-29
10686,2,北京市,2020-09-30
10687,9,北京市,2020-09-30
10688,4,重庆市,2020-10-01
10689,1,江苏省,2020-10-01
10690,1,河北省,2020-10-02
10691,2,天津市,2020-10-03
10692,9,江苏省,2020-10-03
10693,3,天津市,2020-10-06
10694,8,天津市,2020-10-06
10695,7,天津市,2020-10-07
10696,8,海南省,2020-10-08
10697,3,北京市,2020-10-08
10698,4,云南省,2020-10-09
10699,3,江苏省,2020-10-09
10700,3,辽宁省,2020-10-10
10701,6,上海市,2020-10-13
10702,1,天津市,2020-10-13
10703,6,福建省,2020-10-14
10704,6,天津市,2020-10-14
10705,9,江苏省,2020-10-15
10706,8,河北省,2020-10-16
10707,4,四川省,2020-10-16
10708,6,河北省,2020-10-17
10709,1,上海市,2020-10-17
10710,1,北京市,2020-10-20
10711,5,浙江省,2020-10-21
10712,3,河北省,2020-10-21
10713,1,天津市,2020-10-22
10714,5,浙江省,2020-10-22
10715,3,浙江省,2020-10-23
10716,4,浙江省,2020-10-24
10717,1,天津市,2020-10-24
10718,1,重庆市,2020-10-27
10719,8,天津市,2020-10-27
10720,8,天津市,2020-10-28
10721,5,江西省,2020-10-29
10722,8,天津市,2020-10-29
10723,3,辽宁省,2020-10-30
10724,8,北京市,2020-10-30
10725,4,北京市,2020-10-31
10726,4,江苏省,2020-11-03
10727,2,云南省,2020-11-03
10728,4,天津市,2020-11-04
10729,8,上海市,2020-11-04
10730,5,辽宁省,2020-11-05
10731,7,天津市,2020-11-06
10732,3,福建省,2020-11-06
10733,1,江苏省,2020-11-07
10734,2,江苏省,2020-11-07
10735,6,江苏省,2020-11-10
10736,9,四川省,2020-11-11
10737,2,山东省,2020-11-11
10738,2,河北省,2020-11-12
10739,3,天津市,2020-11-12
10740,4,河北省,2020-11-13
10741,4,河北省,2020-11-14
10742,3,天津市,2020-11-14
10743,1,天津市,2020-11-17
10744,6,浙江省,2020-11-17
10745,9,天津市,2020-11-18
10746,1,天津市,2020-11-19
10747,6,天津市,2020-11-19
10748,3,重庆市,2020-11-20
10749,4,天津市,2020-11-20
10750,9,江西省,2020-11-21
10751,3,天津市,2020-11-24
10752,2,江苏省,2020-11-24
10753,3,上海市,2020-11-25
10754,6,北京市,2020-11-25
10755,4,北京市,2020-11-26
10756,8,北京市,2020-11-27
10757,6,北京市,2020-11-27
10758,3,北京市,2020-11-28
10759,3,北京市,2020-11-28
10760,4,广东省,2021-05-20
10761,5,广东省,2021-05-20
10762,3,上海市,2020-12-02
10763,3,江苏省,2020-12-03
10764,6,天津市,2020-12-03
10765,3,北京市,2020-12-04
10766,4,山东省,2020-12-05
10767,4,河北省,2020-12-05
10768,3,河北省,2020-12-08
10769,3,北京市,2020-12-08
10770,8,河北省,2020-12-09
10771,9,天津市,2020-12-10
10772,3,天津市,2020-12-10
10773,1,天津市,2020-12-11
10774,4,浙江省,2020-12-11
10775,7,天津市,2020-12-12
10776,1,北京市,2020-12-15
10777,7,天津市,2020-12-15
10778,3,江苏省,2020-12-16
10779,3,江苏省,2020-12-16
10780,2,上海市,2020-12-16
10781,2,天津市,2020-12-17
10782,9,上海市,2020-12-17
10783,4,辽宁省,2020-12-18
10784,4,辽宁省,2020-12-18
10785,1,天津市,2020-12-18
10786,8,海南省,2020-12-19
10787,2,天津市,2020-12-19
10788,1,天津市,2020-12-22
10789,1,江苏省,2020-12-22
10790,6,福建省,2020-12-22
10791,6,天津市,2020-12-23
10792,1,江苏省,2020-12-23
10793,3,天津市,2020-12-24
10794,6,四川省,2020-12-24
10795,8,江苏省,2020-12-24
10796,3,河北省,2020-12-25
10797,7,天津市,2020-12-25
10798,2,河北省,2020-12-26
10799,9,河北省,2020-12-26
10800,1,江苏省,2020-12-26
10801,4,上海市,2020-12-29
10802,4,河北省,2020-12-29
10803,4,广东省,2021-05-20
10804,6,江苏省,2020-12-30
10805,2,天津市,2020-12-30
10806,3,江苏省,2020-12-31
10807,4,天津市,2020-12-31
10808,2,江西省,2021-01-01
10809,7,重庆市,2021-01-01
10810,2,广东省,2021-05-20
10811,8,天津市,2021-01-02
10812,5,天津市,2021-01-02
10813,1,辽宁省,2021-01-05
10814,3,江苏省,2021-01-05
10815,2,天津市,2021-01-05
10816,4,海南省,2021-01-06
10817,3,天津市,2021-01-06
10818,7,天津市,2021-01-07
10819,2,福建省,2021-01-07
10820,3,辽宁省,2021-01-07
10821,1,江苏省,2021-01-08
10822,6,北京市,2021-01-08
10823,5,四川省,2021-01-09
10824,8,山东省,2021-01-09
10825,1,江苏省,2021-01-09
10826,6,河北省,2021-01-12
10827,1,天津市,2021-01-12
10828,9,河北省,2021-01-13
10829,9,北京市,2021-01-13
10830,4,辽宁省,2021-01-13
10831,3,山东省,2021-01-14
10832,2,广东省,2021-05-20
10833,6,北京市,2021-01-15
10834,1,浙江省,2021-01-15
10835,1,天津市,2021-01-15
10836,7,陕西省,2021-01-16
10837,9,江苏省,2021-01-16
10838,3,河北省,2021-01-19
10839,3,重庆市,2021-01-19
10840,4,广东省,2021-05-20
10841,5,天津市,2021-01-20
10842,1,辽宁省,2021-01-20
10843,4,江苏省,2021-01-21
10844,8,天津市,2021-01-21
10845,8,天津市,2021-01-21
10846,2,海南省,2021-01-22
10847,4,天津市,2021-01-22
10848,7,江苏省,2021-01-23
10849,9,福建省,2021-01-23
10850,1,广东省,2021-05-20
10851,5,广东省,2021-05-20
10852,8,四川省,2021-01-26
10853,9,山东省,2021-01-27
10854,3,天津市,2021-01-27
10855,3,江苏省,2021-01-27
10856,3,河北省,2021-01-28
10857,8,江苏省,2021-01-28
10858,2,江苏省,2021-01-29
10859,1,河北省,2021-01-29
10860,3,广东省,2021-01-29
10861,4,河北省,2021-01-30
10862,8,河北省,2021-01-30
10863,4,天津市,2021-02-02
10864,4,浙江省,2021-02-02
10865,2,重庆市,2021-02-02
10866,5,江苏省,2021-02-03
10867,6,广东省,2021-02-03
10868,7,广东省,2021-02-04
10869,5,江苏省,2021-02-04
10870,5,天津市,2021-02-04
10871,9,广东省,2021-02-05
10872,5,上海市,2021-02-05
10873,4,天津市,2021-02-06
10874,5,天津市,2021-02-06
10875,4,江苏省,2021-02-06
10876,7,海南省,2021-02-09
10877,1,广东省,2021-02-09
10878,4,福建省,2021-02-10
10879,3,江苏省,2021-02-10
10880,7,辽宁省,2021-02-10
10881,4,四川省,2021-02-11
10882,4,山东省,2021-02-11
10883,8,天津市,2021-02-12
10884,4,河北省,2021-02-12
10885,6,江苏省,2021-02-12
10886,1,河北省,2021-02-13
10887,8,广东省,2021-05-20
10888,1,天津市,2021-02-16
10889,9,广东省,2021-02-16
10890,7,广东省,2021-02-16
10891,7,广东省,2021-02-17
10892,4,天津市,2021-02-17
10893,9,河北省,2021-02-18
10894,1,浙江省,2021-02-18
10895,3,江西省,2021-02-18
10896,7,陕西省,2021-02-19
10897,3,陕西省,2021-02-19
10898,4,重庆市,2021-02-20
10899,5,重庆市,2021-02-20
10900,1,天津市,2021-02-20
10901,4,天津市,2021-02-23
10902,1,辽宁省,2021-02-23
10903,3,河北省,2021-02-24
10904,3,天津市,2021-02-24
10905,9,广东省,2021-02-24
10906,4,广东省,2021-02-25
10907,6,福建省,2021-02-25
10908,4,江苏省,2021-02-26
10909,1,河北省,2021-02-26
10910,1,四川省,2021-02-26
10911,3,山东省,2021-02-26
10912,2,天津市,2021-02-26
10913,4,天津市,2021-02-26
10914,6,广东省,2021-02-27
10915,2,河北省,2021-02-27
10916,1,江苏省,2021-02-27
10917,4,天津市,2021-03-02
10918,3,北京市,2021-03-02
10919,2,广东省,2021-05-20
10920,4,天津市,2021-03-03
10921,1,天津市,2021-03-03
10922,5,河北省,2021-03-03
10923,7,广东省,2021-03-03
10924,3,江苏省,2021-03-04
10925,3,天津市,2021-03-04
10926,4,辽宁省,2021-03-04
10927,4,陕西省,2021-03-05
10928,1,重庆市,2021-03-05
10929,6,重庆市,2021-03-05
10930,4,广东省,2021-03-06
10931,4,辽宁省,2021-03-06
10932,8,辽宁省,2021-03-06
10933,6,天津市,2021-03-06
10934,3,天津市,2021-03-09
10935,4,福建省,2021-03-09
10936,3,海南省,2021-03-09
10937,7,江苏省,2021-03-10
10938,3,天津市,2021-03-10
10939,2,广东省,2021-03-10
10940,8,广东省,2021-03-11
10941,7,天津市,2021-03-11
10942,9,河北省,2021-03-11
10943,4,江苏省,2021-03-11
10944,6,河北省,2021-03-12
10945,4,江苏省,2021-03-12
10946,1,江苏省,2021-03-12
10947,3,江苏省,2021-03-13
10948,3,广东省,2021-03-13
10949,2,河北省,2021-03-13
10950,1,上海市,2021-03-16
10951,9,北京市,2021-03-16
10952,1,天津市,2021-03-16
10953,9,江西省,2021-03-16
10954,5,广东省,2021-03-17
10955,8,辽宁省,2021-03-17
10956,6,天津市,2021-03-17
10957,8,陕西省,2021-03-18
10958,7,重庆市,2021-03-18
10959,6,重庆市,2021-03-18
10960,3,天津市,2021-03-19
10961,8,天津市,2021-03-19
10962,8,广东省,2021-03-19
10963,9,江苏省,2021-03-19
10964,3,福建省,2021-03-20
10965,6,天津市,2021-03-20
10966,4,海南省,2021-03-20
10967,2,天津市,2021-03-23
10968,1,广东省,2021-03-23
10969,1,山东省,2021-03-23
10970,9,辽宁省,2021-03-24
10971,2,天津市,2021-03-24
10972,4,河北省,2021-03-24
10973,6,河北省,2021-03-24
10974,3,江苏省,2021-03-25
10975,1,广东省,2021-03-25
10976,1,河北省,2021-03-25
10977,8,天津市,2021-03-26
10978,9,江苏省,2021-03-26
10979,8,河北省,2021-03-26
10980,4,北京市,2021-03-27
10981,1,北京市,2021-03-27
10982,2,天津市,2021-03-27
10983,2,广东省,2021-03-27
10984,1,浙江省,2021-03-30
10985,2,天津市,2021-03-30
10986,8,天津市,2021-03-30
10987,8,江苏省,2021-03-31
10988,3,天津市,2021-03-31
10989,2,重庆市,2021-03-31
10990,2,重庆市,2021-04-01
10991,1,天津市,2021-04-01
10992,1,天津市,2021-04-01
10993,7,福建省,2021-04-01
10994,2,广东省,2021-04-02
10995,1,天津市,2021-04-02
10996,4,海南省,2021-04-02
10997,8,四川省,2021-04-03
10998,8,山东省,2021-04-03
10999,6,天津市,2021-04-03
11000,2,河北省,2021-04-06
11001,2,广东省,2021-04-06
11002,4,广东省,2021-04-06
11003,3,河北省,2021-04-06
11004,3,天津市,2021-04-07
11005,2,天津市,2021-04-07
11006,3,河北省,2021-04-07
11007,8,广东省,2021-04-08
11008,7,江苏省,2021-04-08
11009,2,河北省,2021-04-08
11010,2,天津市,2021-04-09
11011,3,江西省,2021-04-09
11012,1,天津市,2021-04-09
11013,2,广东省,2021-04-09
11014,2,浙江省,2021-04-10
11015,2,天津市,2021-04-10
11016,9,江苏省,2021-04-10
11017,9,陕西省,2021-04-13
11018,4,江苏省,2021-04-13
11019,6,重庆市,2021-04-13
11020,2,重庆市,2021-04-14
11021,3,广东省,2021-04-14
11022,9,福建省,2021-04-14
11023,1,江苏省,2021-04-14
11024,4,江苏省,2021-04-15
11025,6,天津市,2021-04-15
11026,4,广东省,2021-04-15
11027,1,山东省,2021-04-16
11028,2,河北省,2021-04-16
11029,4,重庆市,2021-04-16
11030,7,辽宁省,2021-04-17
11031,6,河北省,2021-04-17
11032,2,天津市,2021-04-17
11033,7,江苏省,2021-04-17
11034,8,江苏省,2021-04-20
11035,2,河北省,2021-04-20
11036,8,河北省,2021-04-20
11037,7,天津市,2021-04-21
11038,1,江苏省,2021-04-21
11039,1,河北省,2021-04-21
11040,4,江苏省,2021-04-22
11041,3,天津市,2021-04-22
11042,2,河北省,2021-04-22
11043,5,天津市,2021-04-22
11044,4,浙江省,2021-04-23
11045,6,广东省,2021-04-23
11046,8,天津市,2021-04-23
11047,7,江苏省,2021-04-24
11048,7,江苏省,2021-04-24
11049,3,天津市,2021-04-24
11050,8,天津市,2021-04-27
11051,7,广东省,2021-04-27
11052,3,福建省,2021-04-27
11053,2,江苏省,2021-04-27
11054,8,河北省,2021-04-28
11055,7,广东省,2021-05-20
11056,8,江苏省,2021-04-28
11057,3,江苏省,2021-04-29
11058,9,山东省,2021-04-29
11059,2,海南省,2021-04-29
11060,2,河北省,2021-04-30
11061,4,广东省,2021-04-30
11062,4,河北省,2021-04-30
11063,3,河北省,2021-04-30
11064,1,天津市,2021-05-01
11065,8,重庆市,2021-05-01
11066,7,河北省,2021-05-01
11067,1,天津市,2021-05-04
11068,8,辽宁省,2021-05-04
11069,1,广东省,2021-05-04
11070,2,海南省,2021-05-05
11071,1,江西省,2021-05-05
11072,4,河北省,2021-05-05
11073,2,广东省,2021-05-05
11074,7,浙江省,2021-05-06
11075,8,江苏省,2021-05-06
11076,4,江苏省,2021-05-06
11077,1,广东省,2021-05-06
11078,1,天津市,2021-05-01
11079,2,重庆市,2021-05-02
11080,3,河北省,2021-05-03
11081,4,天津市,2021-05-04
11082,5,辽宁省,2021-05-05
11083,6,广东省,2021-05-06
11084,7,海南省,2021-05-07
11085,8,江西省,2021-05-08
11086,9,河北省,2021-05-09
11087,1,广东省,2021-05-10
11088,2,浙江省,2021-05-11
11089,3,江苏省,2021-05-12
11090,4,江苏省,2021-05-13
11091,5,广东省,2021-05-14
11092,6,天津市,2021-05-15
11093,7,重庆市,2021-05-16
11094,8,河北省,2021-05-17
11095,9,天津市,2021-05-18
11096,1,辽宁省,2021-05-19
11097,2,广东省,2021-05-20
11098,3,海南省,2021-05-21
11099,4,江西省,2021-05-22
11100,5,河北省,2021-05-23
11101,6,广东省,2021-05-24
11102,7,浙江省,2021-05-25
11103,8,江苏省,2021-05-26
11104,9,江苏省,2021-05-27
11105,1,广东省,2021-05-28
11106,2,天津市,2021-05-29
11107,3,重庆市,2021-05-30
11108,4,河北省,2021-05-31
