订单ID,产口ID,销售金额,销售成本
10249,14,1860,1700
10249,51,4240,4000
10250,41,770,539
10250,51,4240,4000
10250,65,1680,1500
10251,22,1680,1500
10251,57,1560,1400
10251,65,1680,1500
10252,20,6480,6300
10252,33,200,140
10252,60,2720,1904
10253,31,1000,700
10253,39,1440,1008
10253,49,1600,1120
10254,24,360,252
10254,55,1920,1344
10254,74,800,560
10255,2,1520,1064
10255,16,1390,973
10255,36,1520,1064
10255,59,4400,3080
10256,53,2620,1834
10256,77,1040,728
10257,27,3510,2457
10257,39,1440,1008
10257,77,1040,728
10258,2,1520,1064
10258,5,1700,1190
10258,32,2560,1792
10259,21,800,560
10259,37,2080,1456
10260,41,770,539
10260,57,1560,1092
10260,62,3940,3800
10260,70,1200,840
10261,21,800,560
10261,35,1440,1008
10262,5,1700,1190
10262,7,2400,1680
10262,56,3040,2128
10263,16,1390,973
10263,24,360,252
10263,30,2070,1449
10263,74,800,560
10264,2,1520,1064
10264,41,770,539
10265,17,3120,2184
10265,70,1200,840
10266,12,3040,2900
10267,40,1470,1029
10267,59,4400,3080
10267,76,1440,1008
10268,29,9900,8900
10268,72,2780,1946
10269,33,200,140
10269,72,2780,1946
10270,36,1520,1064
10270,43,3680,2576
10271,33,200,140
10272,20,6480,4536
10272,31,1000,700
10272,72,2780,1946
10273,10,2480,1736
10273,31,1000,700
10273,33,200,140
10273,40,1470,1029
10273,76,1440,1008
10274,71,1720,1204
10274,72,2780,1946
10275,24,360,252
10275,59,4400,3080
10276,10,2480,1736
10276,13,480,336
10277,28,3640,2548
10277,62,3940,3800
10278,44,1550,1085
10278,59,4400,3080
10278,63,3510,2457
10278,73,1200,840
10279,17,3120,2184
10280,24,360,252
10280,55,1920,1344
10280,75,620,434
10281,19,730,511
10281,24,360,252
10281,35,1440,1008
10282,30,2070,1449
10282,57,1560,1092
10283,15,1240,868
10283,19,730,511
10283,60,2720,1904
10283,72,2780,1946
10284,27,3510,2457
10284,44,1550,1085
10284,60,2720,1904
10284,67,1120,784
10285,1,1440,1008
10285,40,1470,1029
10285,53,2620,1834
10286,35,1440,1008
10286,62,3940,2758
10287,16,1390,973
10287,34,1120,784
10287,46,960,672
10288,54,590,413
10288,68,1000,700
10289,3,800,560
10289,64,2660,1862
10290,5,1700,1190
10290,29,9900,6930
10290,49,1600,1120
10290,77,1040,728
10291,13,480,336
10291,44,1550,1085
10291,51,4240,2968
10292,20,6480,6500
10293,18,5000,3500
10293,24,360,252
10293,63,3510,2457
10293,75,620,434
10294,1,1440,1008
10294,17,3120,2184
10294,43,3680,2576
10294,60,2720,1904
10294,75,620,434
10295,56,3040,2128
10296,11,1680,1176
10296,16,1390,973
10296,69,2880,2016
10297,39,1440,1008
10297,72,2780,1946
10298,2,1520,1064
10298,36,1520,1064
10298,59,4400,3080
10298,62,3940,3800
10299,19,730,511
10299,70,1200,840
10300,66,1360,952
10300,68,1000,700
10301,40,1470,1029
10301,56,3040,2128
10302,17,3120,2184
10302,28,3640,2548
10302,43,3680,2576
10303,40,1470,1029
10303,65,1680,1176
10303,68,1000,700
10304,49,1600,1120
10304,59,4400,3080
10304,71,1720,1204
10305,18,5000,3500
10305,29,9900,6930
10305,39,1440,1008
10306,30,2070,1449
10306,53,2620,1834
10306,54,590,413
10307,62,3940,2758
10307,68,1000,700
10308,69,2880,2016
10308,70,1200,840
10309,4,1760,1232
10309,6,2000,1400
10309,42,1120,784
10309,43,3680,2576
10309,71,1720,1204
10310,16,1390,973
10310,62,3940,2758
10311,42,1120,784
10311,69,2880,2016
10312,28,3640,2548
10312,43,3680,2576
10312,53,2620,1834
10312,75,620,434
10313,36,1520,1064
10314,32,2560,1792
10314,58,1060,742
10314,62,3940,2758
10315,34,1120,784
10315,70,1200,840
10316,41,770,539
10316,62,3940,2758
10317,1,1440,1008
10318,41,770,539
10318,76,1440,1008
10319,17,3120,2184
10319,28,3640,2548
10319,76,1440,1008
10320,71,1720,1204
10321,35,1440,1008
10322,52,560,392
10323,15,1240,868
10323,25,2500,1500
10323,39,1440,1008
10324,16,1390,973
10324,35,1440,1008
10324,46,960,672
10324,59,4400,3080
10324,63,3510,2457
10325,6,2000,1400
10325,13,480,336
10325,14,1860,1302
10325,31,1000,700
10325,72,2780,1946
10326,4,1760,1232
10326,57,1560,1092
10326,75,620,434
10327,2,1520,1064
10327,11,1680,1176
10327,30,2070,1449
10327,58,1060,742
10328,59,4400,3080
10328,65,1680,1176
10328,68,1000,700
10329,19,730,511
10329,30,2070,1449
10329,38,21080,14756
10329,56,3040,2128
10330,26,2490,1743
10330,72,2780,1946
10331,54,590,413
10332,18,5000,3500
10332,42,1120,784
10332,47,760,532
10333,14,1860,1302
10333,21,800,560
10333,71,1720,1204
10334,52,560,392
10334,68,1000,700
10335,2,1520,1064
10335,31,1000,700
10335,32,2560,1792
10335,51,4240,2968
10336,4,1760,1232
10337,23,720,504
10337,26,2490,1743
10337,36,1520,1064
10337,37,2080,1456
10337,72,2780,1946
10338,17,3120,2184
10338,30,2070,1449
10339,4,1760,1232
10339,17,3120,2184
10339,62,3940,2758
10340,18,5000,3500
10340,41,770,539
10340,43,3680,2576
10341,33,200,140
10341,59,4400,3080
10342,2,1520,1064
10342,31,1000,700
10342,36,1520,1064
10342,55,1920,1344
10343,64,2660,1862
10343,68,1000,700
10343,76,1440,1008
10344,4,1760,1232
10344,8,3200,2240
10345,8,3200,2240
10345,19,730,511
10345,42,1120,784
10346,17,3120,2184
10346,56,3040,2128
10347,25,2500,1500
10347,39,1440,1008
10347,40,1470,1029
10347,75,620,434
10348,1,1440,1008
10348,23,720,504
10349,54,590,413
10350,50,1300,910
10350,69,2880,2016
10351,38,21080,14756
10351,41,770,539
10351,44,1550,1085
10351,65,1680,1176
10352,24,360,252
10352,54,590,413
10353,11,1680,1176
10353,38,21080,14756
10354,1,1440,1008
10354,29,9900,6930
10355,24,360,252
10355,57,1560,1092
10356,31,1000,700
10356,55,1920,1344
10356,69,2880,2016
10357,10,2480,1736
10357,26,2490,1743
10357,60,2720,1904
10358,24,360,252
10358,34,1120,784
10358,36,1520,1064
10359,16,1390,973
10359,31,1000,700
10359,60,2720,1904
10360,28,3640,2548
10360,29,9900,6930
10360,38,21080,14756
10360,49,1600,1120
10360,54,590,413
10361,39,1440,1008
10361,60,2720,1904
10362,25,2500,1500
10362,51,4240,2968
10362,54,590,413
10363,31,1000,700
10363,75,620,434
10363,76,1440,1008
10364,69,2880,2016
10364,71,1720,1204
10365,11,1680,1176
10366,65,1680,1176
10366,77,1040,728
10367,34,1120,784
10367,54,590,413
10367,65,1680,1176
10367,77,1040,728
10368,21,800,560
10368,28,3640,2548
10368,57,1560,1092
10368,64,2660,1862
10369,29,9900,6930
10369,56,3040,2128
10370,1,1440,1008
10370,64,2660,1862
10370,74,800,560
10371,36,1520,1064
10372,20,6480,4536
10372,38,21080,14756
10372,60,2720,1904
10372,72,2780,1946
10373,58,1060,742
10373,71,1720,1204
10374,31,1000,700
10374,58,1060,742
10375,14,1860,1302
10375,54,590,413
10376,31,1000,700
10377,28,3640,2548
10377,39,1440,1008
10378,71,1720,1204
10379,41,770,539
10379,63,3510,2457
10379,65,1680,1176
10380,30,2070,1449
10380,53,2620,1834
10380,60,2720,1904
10380,70,1200,840
10381,74,800,560
10382,5,1700,1190
10382,18,5000,3500
10382,29,9900,6930
10382,33,200,140
10382,74,800,560
10383,13,480,336
10383,50,1300,910
10383,56,3040,2128
10384,20,6480,4536
10384,60,2720,1904
10385,7,2400,1680
10385,60,2720,1904
10385,68,1000,700
10386,24,360,252
10386,34,1120,784
10387,24,360,252
10387,28,3640,2548
10387,59,4400,3080
10387,71,1720,1204
10388,45,760,532
10388,52,560,392
10388,53,2620,1834
10389,10,2480,1736
10389,55,1920,1344
10389,62,3940,2758
10389,70,1200,840
10390,31,1000,700
10390,35,1440,1008
10390,46,960,672
10390,72,2780,1946
10391,13,480,336
10392,69,2880,2016
10393,2,1520,1064
10393,14,1860,1302
10393,25,2500,1500
10393,26,2490,1743
10393,31,1000,700
10394,13,480,336
10394,62,3940,2758
10395,46,960,672
10395,53,2620,1834
10395,69,2880,2016
10396,23,720,504
10396,71,1720,1204
10396,72,2780,1946
10397,21,800,560
10397,51,4240,2968
10398,35,1440,1008
10398,55,1920,1344
10399,68,1000,700
10399,71,1720,1204
10399,76,1440,1008
10399,77,1040,728
10400,29,9900,6930
10400,35,1440,1008
10400,49,1600,1120
10401,30,2070,1449
10401,56,3040,2128
10401,65,1680,1176
10401,71,1720,1204
10402,23,720,504
10402,63,3510,2457
10403,16,1390,973
10403,48,1020,714
10404,26,2490,1743
10404,42,1120,784
10404,49,1600,1120
10405,3,800,560
10406,1,1440,1008
10406,21,800,560
10406,28,3640,2548
10406,36,1520,1064
10406,40,1470,1029
10407,11,1680,1176
10407,69,2880,2016
10407,71,1720,1204
10408,37,2080,1456
10408,54,590,413
10408,62,3940,2758
10409,14,1860,1302
10409,21,800,560
10410,33,200,140
10410,59,4400,3080
10411,41,770,539
10411,44,1550,1085
10411,59,4400,3080
10412,14,1860,1302
10413,1,1440,1008
10413,62,3940,2758
10413,76,1440,1008
10414,19,730,511
10414,33,200,140
10415,17,3120,2184
10415,33,200,140
10416,19,730,511
10416,53,2620,1834
10416,57,1560,1092
10417,38,21080,14756
10417,46,960,672
10417,68,1000,700
10417,77,1040,728
10418,2,1520,1064
10418,47,760,532
10418,61,2280,1596
10418,74,800,560
10419,60,2720,1904
10419,69,2880,2016
10420,9,7760,5432
10420,13,480,336
10420,70,1200,840
10420,73,1200,840
10421,19,730,511
10421,26,2490,1743
10421,53,2620,1834
10421,77,1040,728
10422,26,2490,1743
10423,31,1000,700
10423,59,4400,3080
10424,35,1440,1008
10424,38,21080,14756
10424,68,1000,700
10425,55,1920,1344
10425,76,1440,1008
10426,56,3040,2128
10426,64,2660,1862
10427,14,1860,1302
10428,46,960,672
10429,50,1300,910
10429,63,3510,2457
10430,17,3120,2184
10430,21,800,560
10430,56,3040,2128
10430,59,4400,3080
10431,17,3120,2184
10431,40,1470,1029
10431,47,760,532
10432,26,2490,1743
10432,54,590,413
10433,56,3040,2128
10434,11,1680,1176
10434,76,1440,1008
10435,2,1520,1064
10435,22,1680,1176
10435,72,2780,1946
10436,46,960,672
10436,56,3040,2128
10436,64,2660,1862
10436,75,620,434
10437,53,2620,1834
10438,19,730,511
10438,34,1120,784
10438,57,1560,1092
10439,12,3040,2128
10439,16,1390,973
10439,64,2660,1862
10439,74,800,560
10440,2,1520,1064
10440,16,1390,973
10440,29,9900,6930
10440,61,2280,1596
10441,27,3510,2457
10442,11,1680,1176
10442,54,590,413
10442,66,1360,952
10443,11,1680,1176
10443,28,3640,2548
10444,17,3120,2184
10444,26,2490,1743
10444,35,1440,1008
10444,41,770,539
10445,39,1440,1008
10445,54,590,413
10446,19,730,511
10446,24,360,252
10446,31,1000,700
10446,52,560,392
10447,19,730,511
10447,65,1680,1176
10447,71,1720,1204
10448,26,2490,1743
10448,40,1470,1029
10449,10,2480,1736
10449,52,560,392
10449,62,3940,2758
10450,10,2480,1736
10450,54,590,413
10451,55,1920,1344
10451,64,2660,1862
10451,65,1680,1176
10451,77,1040,728
10452,28,3640,2548
10452,44,1550,1085
10453,48,1020,714
10453,70,1200,840
10454,16,1390,973
10454,33,200,140
10454,46,960,672
10455,39,1440,1008
10455,53,2620,1834
10455,61,2280,1596
10455,71,1720,1204
10456,21,800,560
10456,49,1600,1120
10457,59,4400,3080
10458,26,2490,1743
10458,28,3640,2548
10458,43,3680,2576
10458,56,3040,2128
10458,71,1720,1204
10459,7,2400,1680
10459,46,960,672
10459,72,2780,1946
10460,68,1000,700
10460,75,620,434
10461,21,800,560
10461,30,2070,1449
10461,55,1920,1344
10462,13,480,336
10462,23,720,504
10463,19,730,511
10463,42,1120,784
10464,4,1760,1232
10464,43,3680,2576
10464,56,3040,2128
10464,60,2720,1904
10465,24,360,252
10465,29,9900,6930
10465,40,1470,1029
10465,45,760,532
10465,50,1300,910
10466,11,1680,1176
10466,46,960,672
10467,24,360,252
10467,25,2500,1500
10468,30,2070,1449
10468,43,3680,2576
10469,2,1520,1064
10469,16,1390,973
10469,44,1550,1085
10470,18,5000,3500
10470,23,720,504
10470,64,2660,1862
10471,7,2400,1680
10471,56,3040,2128
10472,24,360,252
10472,51,4240,2968
10473,33,200,140
10473,71,1720,1204
10474,14,1860,1302
10474,28,3640,2548
10474,40,1470,1029
10474,75,620,434
10475,31,1000,700
10475,66,1360,952
10475,76,1440,1008
10476,55,1920,1344
10476,70,1200,840
10477,1,1440,1008
10477,21,800,560
10477,39,1440,1008
10478,10,2480,1736
10479,38,21080,14756
10479,53,2620,1834
10479,59,4400,3080
10479,64,2660,1862
10480,47,760,532
10480,59,4400,3080
10481,49,1600,1120
10481,60,2720,1904
10482,40,1470,1029
10483,34,1120,784
10483,77,1040,728
10484,21,800,560
10484,40,1470,1029
10484,51,4240,2968
10485,2,1520,1064
10485,3,800,560
10485,55,1920,1344
10485,70,1200,840
10486,11,1680,1176
10486,51,4240,2968
10486,74,800,560
10487,19,730,511
10487,26,2490,1743
10487,54,590,413
10488,59,4400,3080
10488,73,1200,840
10489,11,1680,1176
10489,16,1390,973
10490,59,4400,3080
10490,68,1000,700
10490,75,620,434
10491,44,1550,1085
10491,77,1040,728
10492,25,2500,1500
10492,42,1120,784
10493,65,1680,1176
10493,66,1360,952
10493,69,2880,2016
10494,56,3040,2128
10495,23,720,504
10495,41,770,539
10495,77,1040,728
10496,31,1000,700
10497,56,3040,2128
10497,72,2780,1946
10497,77,1040,728
10498,24,450,315
10498,40,1840,1288
10498,42,1400,980
10499,28,4560,3192
10499,49,2000,1400
10500,15,1550,1085
10500,28,4560,3192
10501,54,745,521
10502,45,950,665
10502,53,3280,2296
10502,67,1400,980
10503,14,2325,1627
10503,65,2105,1473
10504,2,1900,1330
10504,21,1000,700
10504,53,3280,2296
10504,61,2850,1995
10505,62,4930,3451
10506,25,0,1500
10506,70,1500,1050
10507,43,4600,3220
10507,48,1275,892
10508,13,600,420
10508,39,1800,1260
10509,28,4560,3192
10510,29,12379,8665
10510,75,775,542
10511,4,2200,1540
10511,7,3000,2100
10511,8,4000,2800
10512,24,450,315
10512,46,1200,840
10512,47,950,665
10512,60,3400,2380
10513,21,1000,700
10513,32,3200,2240
10513,61,2850,1995
10514,20,8100,5670
10514,28,4560,3192
10514,56,3800,2660
10514,65,2105,1473
10514,75,775,542
10515,9,9700,6790
10515,16,1745,1221
10515,27,4390,3073
10515,33,250,175
10515,60,3400,2380
10516,18,6250,4375
10516,41,965,675
10516,42,1400,980
10517,52,700,490
10517,59,5500,3850
10517,70,1500,1050
10518,24,450,315
10518,38,26350,18445
10518,44,1945,1361
10519,10,3100,2170
10519,56,3800,2660
10519,60,3400,2380
10520,24,450,315
10520,53,3280,2296
10521,35,1800,1260
10521,41,965,675
10521,68,1250,875
10522,1,1800,1260
10522,8,4000,2800
10522,30,2589,1812
10522,40,1840,1288
10523,17,3900,2730
10523,20,8100,5670
10523,37,2600,1820
10523,41,965,675
10524,10,3100,2170
10524,30,2589,1812
10524,43,4600,3220
10524,54,745,521
10525,36,1900,1330
10525,40,1840,1288
10526,1,1800,1260
10526,13,600,420
10526,56,3800,2660
10527,4,2200,1540
10527,36,1900,1330
10528,11,2100,1470
10528,33,250,175
10528,72,3480,2436
10529,55,2400,1680
10529,68,1250,875
10529,69,3600,2520
10530,17,3900,2730
10530,43,4600,3220
10530,61,2850,1995
10530,76,1800,1260
10531,59,5500,3850
10532,30,2589,1812
10532,66,1700,1190
10533,4,2200,1540
10533,72,3480,2436
10533,73,1500,1050
10534,30,2589,1812
10534,40,1840,1288
10534,54,745,521
10535,11,2100,1470
10535,40,1840,1288
10535,57,1950,1365
10535,59,5500,3850
10536,12,3800,2660
10536,31,1250,875
10536,33,250,175
10536,60,3400,2380
10537,31,1250,875
10537,51,5300,3710
10537,58,1325,927
10537,72,3480,2436
10537,73,1500,1050
10538,70,1500,1050
10538,72,3480,2436
10539,13,600,420
10539,21,1000,700
10539,33,250,175
10539,49,2000,1400
10540,3,1000,700
10540,26,3123,2186
10540,38,26350,18445
10540,68,1250,875
10541,24,450,315
10541,38,26350,18445
10541,65,2105,1473
10541,71,2150,1505
10542,11,2100,1470
10542,54,745,521
10543,12,3800,2660
10543,23,900,630
10544,28,4560,3192
10544,67,1400,980
10545,11,2100,1470
10546,7,3000,2100
10546,35,1800,1260
10546,62,4930,3451
10547,32,3200,2240
10547,36,1900,1330
10548,34,1400,980
10548,41,965,675
10549,31,1250,875
10549,45,950,665
10549,51,5300,3710
10550,17,3900,2730
10550,19,920,644
10550,21,1000,700
10550,61,2850,1995
10551,16,1745,1221
10551,35,1800,1260
10551,44,1945,1361
10552,69,3600,2520
10552,75,775,542
10553,11,2100,1470
10553,16,1745,1221
10553,22,2100,1470
10553,31,1250,875
10553,35,1800,1260
10554,16,1745,1221
10554,23,900,630
10554,62,4930,3451
10554,77,1300,910
10555,14,2325,1627
10555,19,920,644
10555,24,450,315
10555,51,5300,3710
10555,56,3800,2660
10556,72,3480,2436
10557,64,3325,2327
10557,75,775,542
10558,47,950,665
10558,51,5300,3710
10558,52,700,490
10558,53,3280,2296
10558,73,1500,1050
10559,41,965,675
10559,55,2400,1680
10560,30,2589,1812
10560,62,4930,3451
10561,44,1945,1361
10561,51,5300,3710
10562,33,250,175
10562,62,4930,3451
10563,36,1900,1330
10563,52,700,490
10564,17,3900,2730
10564,31,1250,875
10564,55,2400,1680
10565,24,450,315
10565,64,3325,2327
10566,11,2100,1470
10566,18,6250,4375
10566,76,1800,1260
10567,31,1250,875
10567,51,5300,3710
10567,59,5500,3850
10568,10,3100,2170
10569,31,1250,875
10569,76,1800,1260
10570,11,2100,1470
10570,56,3800,2660
10571,14,2325,1627
10571,42,1400,980
10572,16,1745,1221
10572,32,3200,2240
10572,40,1840,1288
10572,75,775,542
10573,17,3900,2730
10573,34,1400,980
10573,53,3280,2296
10574,33,250,175
10574,40,1840,1288
10574,62,4930,3451
10574,64,3325,2327
10575,59,5500,3850
10575,63,4390,3073
10575,72,3480,2436
10575,76,1800,1260
10576,1,1800,1260
10576,31,1250,875
10576,44,1945,1361
10577,39,1800,1260
10577,75,775,542
10577,77,1300,910
10578,35,1800,1260
10578,57,1950,1365
10579,15,1550,1085
10579,75,775,542
10580,14,2325,1627
10580,41,965,675
10580,65,2105,1473
10581,75,775,542
10582,57,1950,1365
10582,76,1800,1260
10583,29,12379,8665
10583,60,3400,2380
10583,69,3600,2520
10584,31,1250,875
10585,47,950,665
10586,52,700,490
10587,26,3123,2186
10587,35,1800,1260
10587,77,1300,910
10588,18,6250,4375
10588,42,1400,980
10589,35,1800,1260
10590,1,1800,1260
10590,77,1300,910
10591,3,1000,700
10591,7,3000,2100
10591,54,745,521
10592,15,1550,1085
10592,26,3123,2186
10593,20,8100,5670
10593,69,3600,2520
10593,76,1800,1260
10594,52,700,490
10594,58,1325,927
10595,35,1800,1260
10595,61,2850,1995
10595,69,3600,2520
10596,56,3800,2660
10596,63,4390,3073
10596,75,775,542
10597,24,450,315
10597,57,1950,1365
10597,65,2105,1473
10598,27,4390,3073
10598,71,2150,1505
10599,62,4930,3451
10600,54,745,521
10600,73,1500,1050
10601,13,600,420
10601,59,5500,3850
10602,77,1300,910
10603,22,2100,1470
10603,49,2000,1400
10604,48,1275,892
10604,76,1800,1260
10605,16,1745,1221
10605,59,5500,3850
10605,60,3400,2380
10605,71,2150,1505
10606,4,2200,1540
10606,55,2400,1680
10606,62,4930,3451
10607,7,3000,2100
10607,17,3900,2730
10607,33,250,175
10607,40,1840,1288
10607,72,3480,2436
10608,56,3800,2660
10609,1,1800,1260
10609,10,3100,2170
10609,21,1000,700
10610,36,1900,1330
10611,1,1800,1260
10611,2,1900,1330
10611,60,3400,2380
10612,10,3100,2170
10612,36,1900,1330
10612,49,2000,1400
10612,60,3400,2380
10612,76,1800,1260
10613,13,600,420
10613,75,775,542
10614,11,2100,1470
10614,21,1000,700
10614,39,1800,1260
10615,55,2400,1680
10616,38,26350,18445
10616,56,3800,2660
10616,70,1500,1050
10616,71,2150,1505
10617,59,5500,3850
10618,6,2500,1750
10618,56,3800,2660
10618,68,1250,875
10619,21,1000,700
10619,22,2100,1470
10620,24,450,315
10620,52,700,490
10621,19,920,644
10621,23,900,630
10621,70,1500,1050
10621,71,2150,1505
10622,2,1900,1330
10622,68,1250,875
10623,14,2325,1627
10623,19,920,644
10623,21,1000,700
10623,24,450,315
10623,35,1800,1260
10624,28,4560,3192
10624,29,12379,8665
10624,44,1945,1361
10625,14,2325,1627
10625,42,1400,980
10625,60,3400,2380
10626,53,3280,2296
10626,60,3400,2380
10626,71,2150,1505
10627,62,4930,3451
10627,73,1500,1050
10628,1,1800,1260
10629,29,12379,8665
10629,64,3325,2327
10630,55,2400,1680
10630,76,1800,1260
10631,75,775,542
10632,2,1900,1330
10632,33,250,175
10633,12,3800,2660
10633,13,600,420
10633,26,3123,2186
10633,62,4930,3451
10634,7,3000,2100
10634,18,6250,4375
10634,51,5300,3710
10634,75,775,542
10635,4,2200,1540
10635,5,2135,1494
10635,22,2100,1470
10636,4,2200,1540
10636,58,1325,927
10637,11,2100,1470
10637,50,1625,1137
10637,56,3800,2660
10638,45,950,665
10638,65,2105,1473
10638,72,3480,2436
10639,18,6250,4375
10640,69,3600,2520
10640,70,1500,1050
10641,2,1900,1330
10641,40,1840,1288
10642,21,1000,700
10642,61,2850,1995
10643,28,4560,3192
10643,39,1800,1260
10643,46,1200,840
10644,18,6250,4375
10644,43,4600,3220
10644,46,1200,840
10645,18,6250,4375
10645,36,1900,1330
10646,1,1800,1260
10646,10,3100,2170
10646,71,2150,1505
10646,77,1300,910
10647,19,920,644
10647,39,1800,1260
10648,22,2100,1470
10648,24,450,315
10649,28,4560,3192
10649,72,3480,2436
10650,30,2589,1812
10650,53,3280,2296
10650,54,745,521
10651,19,920,644
10651,22,2100,1470
10652,30,2589,1812
10652,42,1400,980
10653,16,1745,1221
10653,60,3400,2380
10654,4,2200,1540
10654,39,1800,1260
10654,54,745,521
10655,41,965,675
10656,14,2325,1627
10656,44,1945,1361
10656,47,950,665
10657,15,1550,1085
10657,41,965,675
10657,46,1200,840
10657,47,950,665
10657,56,3800,2660
10657,60,3400,2380
10658,21,1000,700
10658,40,1840,1288
10658,60,3400,2380
10658,77,1300,910
10659,31,1250,875
10659,40,1840,1288
10659,70,1500,1050
10660,20,8100,5670
10661,39,1800,1260
10661,58,1325,927
10662,68,1250,875
10663,40,1840,1288
10663,42,1400,980
10663,51,5300,3710
10664,10,3100,2170
10664,56,3800,2660
10664,65,2105,1473
10665,51,5300,3710
10665,59,5500,3850
10665,76,1800,1260
10666,29,12379,8665
10666,65,2105,1473
10667,69,3600,2520
10667,71,2150,1505
10668,31,1250,875
10668,55,2400,1680
10668,64,3325,2327
10669,36,1900,1330
10670,23,900,630
10670,46,1200,840
10670,67,1400,980
10670,73,1500,1050
10670,75,775,542
10671,16,1745,1221
10671,62,4930,3451
10671,65,2105,1473
10672,38,26350,18445
10672,71,2150,1505
10673,16,1745,1221
10673,42,1400,980
10673,43,4600,3220
10674,23,900,630
10675,14,2325,1627
10675,53,3280,2296
10675,58,1325,927
10676,10,3100,2170
10676,19,920,644
10676,44,1945,1361
10677,26,3123,2186
10677,33,250,175
10678,12,3800,2660
10678,33,250,175
10678,41,965,675
10678,54,745,521
10679,59,5500,3850
10680,16,1745,1221
10680,31,1250,875
10680,42,1400,980
10681,19,920,644
10681,21,1000,700
10681,64,3325,2327
10682,33,250,175
10682,66,1700,1190
10682,75,775,542
10683,52,700,490
10684,40,1840,1288
10684,47,950,665
10684,60,3400,2380
10685,10,3100,2170
10685,41,965,675
10685,47,950,665
10686,17,3900,2730
10686,26,3123,2186
10687,9,9700,6790
10687,29,12379,8665
10687,36,1900,1330
10688,10,3100,2170
10688,28,4560,3192
10688,34,1400,980
10689,1,1800,1260
10690,56,3800,2660
10690,77,1300,910
10691,1,1800,1260
10691,29,12379,8665
10691,43,4600,3220
10691,44,1945,1361
10691,62,4930,3451
10692,50,4390,3073
10693,9,9700,6790
10693,54,745,521
10693,69,3600,2520
10693,73,1500,1050
10694,7,3000,2100
10694,59,5500,3850
10694,70,1500,1050
10695,8,4000,2800
10695,12,3800,2660
10695,24,450,315
10696,17,3900,2730
10696,46,1200,840
10697,19,920,644
10697,35,1800,1260
10697,58,1325,927
10697,70,1500,1050
10698,11,2100,1470
10698,17,3900,2730
10698,29,12379,8665
10698,65,2105,1473
10698,70,1500,1050
10699,47,950,665
10700,1,1800,1260
10700,34,1400,980
10700,68,1250,875
10700,71,2150,1505
10701,59,5500,3850
10701,71,2150,1505
10701,76,1800,1260
10702,3,1000,700
10702,76,1800,1260
10703,2,1900,1330
10703,59,5500,3850
10703,73,1500,1050
10704,4,2200,1540
10704,24,450,315
10704,48,1275,892
10705,31,1250,875
10705,32,3200,2240
10706,16,1745,1221
10706,43,4600,3220
10706,59,5500,3850
10707,55,2400,1680
10707,57,1950,1365
10707,70,1500,1050
10708,5,2135,1494
10708,36,1900,1330
10709,8,4000,2800
10709,51,5300,3710
10709,60,3400,2380
10710,19,920,644
10710,47,950,665
10711,19,920,644
10711,41,965,675
10711,53,3280,2296
10712,53,3280,2296
10712,56,3800,2660
10713,10,3100,2170
10713,26,3123,2186
10713,45,950,665
10713,46,1200,840
10714,2,1900,1330
10714,17,3900,2730
10714,47,950,665
10714,56,3800,2660
10714,58,1325,927
10715,10,3100,2170
10715,71,2150,1505
10716,21,1000,700
10716,51,5300,3710
10716,61,2850,1995
10717,21,1000,700
10717,54,745,521
10717,69,3600,2520
10718,12,3800,2660
10718,16,1745,1221
10718,36,1900,1330
10718,62,4930,3451
10719,18,6250,4375
10719,30,2589,1812
10719,54,745,521
10720,35,1800,1260
10720,71,2150,1505
10721,44,1945,1361
10722,2,1900,1330
10722,31,1250,875
10722,68,1250,875
10722,75,775,542
10723,26,3123,2186
10724,10,3100,2170
10724,61,2850,1995
10725,41,965,675
10725,52,700,490
10725,55,2400,1680
10726,4,2200,1540
10726,11,2100,1470
10727,17,3900,2730
10727,56,3800,2660
10727,59,5500,3850
10728,30,2589,1812
10728,40,1840,1288
10728,55,2400,1680
10728,60,3400,2380
10729,1,1800,1260
10729,21,1000,700
10729,50,1625,1137
10730,16,1745,1221
10730,31,1250,875
10730,65,2105,1473
10731,21,1000,700
10731,51,5300,3710
10732,76,1800,1260
10733,14,2325,1627
10733,28,4560,3192
10733,52,700,490
10734,6,2500,1750
10734,30,2589,1812
10734,76,1800,1260
10735,61,2850,1995
10735,77,1300,910
10736,65,2105,1473
10736,75,775,542
10737,13,600,420
10737,41,965,675
10738,16,1745,1221
10739,36,1900,1330
10739,52,700,490
10740,28,4560,3192
10740,35,1800,1260
10740,45,950,665
10740,56,3800,2660
10741,2,1900,1330
10742,3,1000,700
10742,60,3400,2380
10742,72,3480,2436
10743,46,1200,840
10744,40,1840,1288
10745,18,6250,4375
10745,44,1945,1361
10745,59,5500,3850
10745,72,3480,2436
10746,13,600,420
10746,42,1400,980
10746,62,4930,3451
10746,69,3600,2520
10747,31,1250,875
10747,41,965,675
10747,63,4390,3073
10747,69,3600,2520
10748,23,900,630
10748,40,1840,1288
10748,56,3800,2660
10749,56,3800,2660
10749,59,5500,3850
10749,76,1800,1260
10750,14,2325,1627
10750,45,950,665
10750,59,5500,3850
10751,26,3123,2186
10751,30,2589,1812
10751,50,1625,1137
10751,73,1500,1050
10752,1,1800,1260
10752,69,3600,2520
10753,45,950,665
10753,74,1000,700
10754,40,1840,1288
10755,47,950,665
10755,56,3800,2660
10755,57,1950,1365
10755,69,3600,2520
10756,18,6250,4375
10756,36,1900,1330
10756,68,1250,875
10756,69,3600,2520
10757,34,1400,980
10757,59,5500,3850
10757,62,4930,3451
10757,64,3325,2327
10758,26,3123,2186
10758,52,700,490
10758,70,1500,1050
10759,32,3200,2240
10760,25,0,1500
10760,27,4390,4200
10760,43,4600,3220
10761,25,0,1500
10761,75,775,542
10762,39,1800,1260
10762,47,950,665
10762,51,5300,3710
10762,56,3800,2660
10763,21,1000,700
10763,22,2100,1470
10763,24,450,315
10764,3,1000,700
10764,39,1800,1260
10765,65,2105,1473
10766,2,1900,1330
10766,7,3000,2100
10766,68,1250,875
10767,42,1400,980
10768,22,2100,1470
10768,31,1250,875
10768,60,3400,2380
10768,71,2150,1505
10769,41,965,675
10769,52,700,490
10769,61,2850,1995
10769,62,4930,3451
10770,11,2100,1470
10771,71,2150,1505
10772,29,12379,8665
10772,59,5500,3850
10773,17,3900,2730
10773,31,1250,875
10773,75,775,542
10774,31,1250,875
10774,66,1700,1190
10775,10,3100,2170
10775,67,1400,980
10776,31,1250,875
10776,42,1400,980
10776,45,950,665
10776,51,5300,3710
10777,42,1400,980
10778,41,965,675
10779,16,1745,1221
10779,62,4930,3451
10780,70,1500,1050
10780,77,1300,910
10781,54,745,521
10781,56,3800,2660
10781,74,1000,700
10782,31,1250,875
10783,31,1250,875
10783,38,26350,18445
10784,36,1900,1330
10784,39,1800,1260
10784,72,3480,2436
10785,10,3100,2170
10785,75,775,542
10786,8,4000,2800
10786,30,2589,1812
10786,75,775,542
10787,2,1900,1330
10787,29,12379,8665
10788,19,920,644
10788,75,775,542
10789,18,6250,4375
10789,35,1800,1260
10789,63,4390,3073
10789,68,1250,875
10790,7,3000,2100
10790,56,3800,2660
10791,29,12379,8665
10791,41,965,675
10792,2,1900,1330
10792,54,745,521
10792,68,1250,875
10793,41,965,675
10793,52,700,490
10794,14,2325,1627
10794,54,745,521
10795,16,1745,1221
10795,17,3900,2730
10796,26,3123,2186
10796,44,1945,1361
10796,64,3325,2327
10796,69,3600,2520
10797,11,2100,1470
10798,62,4930,3451
10798,72,3480,2436
10799,13,600,420
10799,24,450,315
10799,59,5500,3850
10800,11,2100,1470
10800,51,5300,3710
10800,54,745,521
10801,17,3900,2730
10801,29,12379,8665
10802,30,2589,1812
10802,51,5300,3710
10802,55,2400,1680
10802,62,4930,3451
10803,19,920,644
10803,25,0,1500
10803,59,5500,3850
10804,10,3100,2170
10804,28,4560,3192
10804,49,2000,1400
10805,34,1400,980
10805,38,26350,18445
10806,2,1900,1330
10806,65,2105,1473
10806,74,1000,700
10807,40,1840,1288
10808,56,3800,2660
10808,76,1800,1260
10809,52,700,490
10810,13,600,420
10810,25,0,1500
10810,70,1500,1050
10811,19,920,644
10811,23,900,630
10811,40,1840,1288
10812,31,1250,875
10812,72,3480,2436
10812,77,1300,910
10813,2,1900,1330
10813,46,1200,840
10814,41,965,675
10814,43,4600,3220
10814,48,1275,892
10814,61,2850,1995
10815,33,250,175
10816,38,26350,18445
10816,62,4930,3451
10817,26,3123,2186
10817,38,26350,18445
10817,40,1840,1288
10817,62,4930,3451
10818,32,3200,2240
10818,41,965,675
10819,43,4600,3220
10819,75,775,542
10820,56,3800,2660
10821,35,1800,1260
10821,51,5300,3710
10822,62,4930,3451
10822,70,1500,1050
10823,11,2100,1470
10823,57,1950,1365
10823,59,5500,3850
10823,77,1300,910
10824,41,965,675
10824,70,1500,1050
10825,26,3123,2186
10825,53,3280,2296
10826,31,1250,875
10826,57,1950,1365
10827,10,3100,2170
10827,39,1800,1260
10828,20,8100,5670
10828,38,26350,18445
10829,2,1900,1330
10829,8,4000,2800
10829,13,600,420
10829,60,3400,2380
10830,6,2500,1750
10830,39,1800,1260
10830,60,3400,2380
10830,68,1250,875
10831,19,920,644
10831,35,1800,1260
10831,38,26350,18445
10831,43,4600,3220
10832,13,600,420
10832,25,0,1500
10832,44,1945,1361
10832,64,3325,3100
10833,7,3000,2100
10833,31,1250,875
10833,53,3280,2296
10834,29,12379,8665
10834,30,2589,1812
10835,59,5500,3850
10835,70,1500,1050
10836,22,2100,1470
10836,35,1800,1260
10836,57,1950,1365
10836,60,3400,2380
10836,64,3325,2327
10837,13,600,420
10837,40,1840,1288
10837,47,950,665
10837,76,1800,1260
10838,1,1800,1260
10838,18,6250,4375
10838,36,1900,1330
10839,58,1325,927
10839,72,3480,2436
10840,25,0,1500
10840,39,1800,1260
10841,10,3100,2170
10841,56,3800,2660
10841,59,5500,3850
10841,77,1300,910
10842,11,2100,1470
10842,43,4600,3220
10842,68,1250,875
10842,70,1500,1050
10843,51,5300,3710
10844,22,2100,1470
10845,23,900,630
10845,35,1800,1260
10845,42,1400,980
10845,58,1325,927
10845,64,3325,2327
10846,4,2200,1540
10846,70,1500,1050
10846,74,1000,700
10847,1,1800,1260
10847,19,920,644
10847,37,2600,1820
10847,45,950,665
10847,60,3400,2380
10847,71,2150,1505
10848,5,2135,1494
10848,9,9700,6790
10849,3,1000,700
10849,26,3123,2186
10850,25,0,1500
10850,33,250,175
10850,70,1500,1050
10851,2,1900,1330
10851,25,0,1500
10851,57,1950,1365
10851,59,5500,3850
10852,2,1900,1330
10852,17,3900,2730
10852,62,4930,3451
10853,18,6250,4375
10854,10,3100,2170
10854,13,600,420
10855,16,1745,1221
10855,31,1250,875
10855,56,3800,2660
10855,65,2105,1473
10856,2,1900,1330
10856,42,1400,980
10857,3,1000,700
10857,26,3123,2186
10857,29,12379,8665
10858,7,3000,2100
10858,27,4390,3073
10858,70,1500,1050
10859,24,450,315
10859,54,745,521
10859,64,3325,2327
10860,51,5300,3710
10860,76,1800,1260
10861,17,3900,2730
10861,18,6250,4375
10861,21,1000,700
10861,33,250,175
10861,62,4930,3451
10862,11,2100,1470
10862,52,700,490
10863,1,1800,1260
10863,58,1325,927
10864,35,1800,1260
10864,67,1400,980
10865,38,26350,18445
10865,39,1800,1260
10866,2,1900,1330
10866,24,450,315
10866,30,2589,1812
10867,53,3280,2296
10868,26,3123,2186
10868,35,1800,1260
10868,49,2000,1400
10869,1,1800,1260
10869,11,2100,1470
10869,23,900,630
10869,68,1250,875
10870,35,1800,1260
10870,51,5300,3710
10871,6,2500,1750
10871,16,1745,1221
10871,17,3900,2730
10872,55,2400,1680
10872,62,4930,3451
10872,64,3325,2327
10872,65,2105,1473
10873,21,1000,700
10873,28,4560,3192
10874,10,3100,2170
10875,19,920,644
10875,47,950,665
10875,49,2000,1400
10876,46,1200,840
10876,64,3325,2327
10877,16,1745,1221
10877,18,6250,4375
10878,20,8100,5670
10879,40,1840,1288
10879,65,2105,1473
10879,76,1800,1260
10880,23,900,630
10880,61,2850,1995
10880,70,1500,1050
10881,73,1500,1050
10882,42,1400,980
10882,49,2000,1400
10882,54,745,521
10883,24,450,315
10884,21,1000,700
10884,56,3800,2660
10884,65,2105,1473
10885,2,1900,1330
10885,24,450,315
10885,70,1500,1050
10885,77,1300,910
10886,10,3100,2170
10886,31,1250,875
10886,77,1300,910
10887,25,0,1500
10888,2,1900,1330
10888,68,1250,875
10889,11,2100,1470
10889,38,26350,18445
10890,17,3900,2730
10890,34,1400,980
10890,41,965,675
10891,30,2589,1812
10892,59,5500,3850
10893,8,4000,2800
10893,24,450,315
10893,29,12379,8665
10893,30,2589,1812
10893,36,1900,1330
10894,13,600,420
10894,69,3600,2520
10894,75,775,542
10895,24,450,315
10895,39,1800,1260
10895,40,1840,1288
10895,60,3400,2380
10896,45,950,665
10896,56,3800,2660
10897,29,12379,8665
10897,30,2589,1812
10898,13,600,420
10899,39,1800,1260
10900,70,1500,1050
10901,41,965,675
10901,71,2150,1505
10902,55,2400,1680
10902,62,4930,3451
10903,13,600,420
10903,65,2105,1473
10903,68,1250,875
10904,58,1325,927
10904,62,4930,3451
10905,1,1800,1260
10906,61,2850,1995
10907,75,775,542
10908,7,3000,2100
10908,52,700,490
10909,7,3000,2100
10909,16,1745,1221
10909,41,965,675
10910,19,920,644
10910,49,2000,1400
10910,61,2850,1995
10911,1,1800,1260
10911,17,3900,2730
10911,67,1400,980
10912,11,2100,1470
10912,29,12379,8665
10913,4,2200,1540
10913,33,250,175
10913,58,1325,927
10914,71,2150,1505
10915,17,3900,2730
10915,33,250,175
10915,54,745,521
10916,16,1745,1221
10916,32,3200,2240
10916,57,1950,1365
10917,30,2589,1812
10917,60,3400,2380
10918,1,1800,1260
10918,60,3400,2380
10919,16,1745,1221
10919,25,0,1500
10919,40,1840,1288
10920,50,1625,1137
10921,35,1800,1260
10921,63,4390,3073
10922,17,3900,2730
10922,24,450,315
10923,42,1400,980
10923,43,4600,3220
10923,67,1400,980
10924,10,3100,2170
10924,28,4560,3192
10924,75,775,542
10925,36,1900,1330
10925,52,700,490
10926,11,2100,1470
10926,13,600,420
10926,19,920,644
10926,72,3480,2436
10927,20,8100,5670
10927,52,700,490
10927,76,1800,1260
10928,47,950,665
10928,76,1800,1260
10929,21,1000,700
10929,75,775,542
10929,77,1300,910
10930,21,1000,700
10930,27,4390,3073
10930,55,2400,1680
10930,58,1325,927
10931,13,600,420
10931,57,1950,1365
10932,16,1745,1221
10932,62,4930,3451
10932,72,3480,2436
10932,75,775,542
10933,53,3280,2296
10933,61,2850,1995
10934,6,2500,1750
10935,1,1800,1260
10935,18,6250,4375
10935,23,900,630
10936,36,1900,1330
10937,28,4560,3192
10937,34,1400,980
10938,13,600,420
10938,43,4600,3220
10938,60,3400,2380
10938,71,2150,1505
10939,2,1900,1330
10939,67,1400,980
10940,7,3000,2100
10940,13,600,420
10941,31,1250,875
10941,62,4930,3451
10941,68,1250,875
10941,72,3480,2436
10942,49,2000,1400
10943,13,600,420
10943,22,2100,1470
10943,46,1200,840
10944,11,2100,1470
10944,44,1945,1361
10944,56,3800,2660
10945,13,600,420
10945,31,1250,875
10946,10,3100,2170
10946,24,450,315
10946,77,1300,910
10947,59,5500,3850
10948,50,1625,1137
10948,51,5300,3710
10948,55,2400,1680
10949,6,2500,1750
10949,10,3100,2170
10949,17,3900,2730
10949,62,4930,3451
10950,4,2200,1540
10951,33,250,175
10951,41,965,675
10951,75,775,542
10952,6,2500,1750
10952,28,4560,3192
10952,47,950,665
10952,56,3800,2660
10953,20,8100,5670
10953,31,1250,875
10954,16,1745,1221
10954,31,1250,875
10954,45,950,665
10954,60,3400,2380
10955,75,775,542
10956,21,1000,700
10956,47,950,665
10956,51,5300,3710
10957,30,2589,1812
10957,35,1800,1260
10957,64,3325,2327
10958,5,2135,1494
10958,7,3000,2100
10958,72,3480,2436
10959,75,775,542
10960,24,450,315
10960,41,965,675
10961,52,700,490
10961,76,1800,1260
10962,7,3000,2100
10962,13,600,420
10962,53,3280,2296
10962,69,3600,2520
10962,76,1800,1260
10963,60,3400,2380
10964,18,6250,4375
10964,38,26350,18445
10964,69,3600,2520
10965,51,5300,3710
10966,37,2600,1820
10966,56,3800,2660
10966,62,4930,3451
10967,19,920,644
10967,49,2000,1400
10968,12,3800,2660
10968,24,450,315
10968,64,3325,2327
10969,46,1200,840
10970,52,700,490
10971,29,12379,8665
10972,17,3900,2730
10972,33,250,175
10973,26,3123,2186
10973,41,965,675
10973,75,775,542
10974,63,4390,3073
10975,8,4000,2800
10975,75,775,542
10976,28,4560,3192
10977,39,1800,1260
10977,47,950,665
10977,51,5300,3710
10977,63,4390,3073
10978,8,4000,2800
10978,21,1000,700
10978,40,1840,1288
10978,44,1945,1361
10979,7,3000,2100
10979,12,3800,2660
10979,24,450,315
10979,27,4390,3073
10979,31,1250,875
10979,63,4390,3073
10980,75,775,542
10981,38,26350,18445
10982,7,3000,2100
10982,43,4600,3220
10983,13,600,420
10983,57,1950,1365
10984,16,1745,1221
10984,24,450,315
10984,36,1900,1330
10985,16,1745,1221
10985,18,6250,4375
10985,32,3200,2240
10986,11,2100,1470
10986,20,8100,5670
10986,76,1800,1260
10986,77,1300,910
10987,7,3000,2100
10987,43,4600,3220
10987,72,3480,2436
10988,7,3000,2100
10988,62,4930,3451
10989,6,2500,1750
10989,11,2100,1470
10989,41,965,675
10990,21,1000,700
10990,34,1400,980
10990,55,2400,1680
10990,61,2850,1995
10991,2,1900,1330
10991,70,1500,1050
10991,76,1800,1260
10992,72,3480,2436
10993,29,12379,8665
10993,41,965,675
10994,59,5500,3850
10995,51,5300,3710
10995,60,3400,2380
10996,42,1400,980
10997,32,3200,2240
10997,46,1200,840
10997,52,700,490
10998,24,450,315
10998,61,2850,1995
10998,74,1000,700
10998,75,775,542
10999,41,965,675
10999,51,5300,3710
10999,77,1300,910
11000,4,2200,1540
11000,24,450,315
11000,77,1300,910
11001,7,3000,2100
11001,22,2100,1470
11001,46,1200,840
11001,55,2400,1680
11002,13,600,420
11002,35,1800,1260
11002,42,1400,980
11002,55,2400,1680
11003,1,1800,1260
11003,40,1840,1288
11003,52,700,490
11004,26,3123,2186
11004,76,1800,1260
11005,1,1800,1260
11005,59,5500,3850
11006,1,1800,1260
11006,29,12379,8665
11007,8,4000,2800
11007,29,12379,8665
11007,42,1400,980
11008,28,4560,3192
11008,34,1400,980
11008,71,2150,1505
11009,24,450,315
11009,36,1900,1330
11009,60,3400,2380
11010,7,3000,2100
11010,24,450,315
11011,58,1325,927
11011,71,2150,1505
11012,19,920,644
11012,60,3400,2380
11012,71,2150,1505
11013,23,900,630
11013,42,1400,980
11013,45,950,665
11013,68,1250,875
11014,41,965,675
11015,30,2589,1812
11015,77,1300,910
11016,31,1250,875
11016,36,1900,1330
11017,3,1000,700
11017,59,5500,3850
11017,70,1500,1050
11018,12,3800,2660
11018,18,6250,4375
11018,56,3800,2660
11019,46,1200,840
11019,49,2000,1400
11020,10,3100,2170
11021,2,1900,1330
11021,20,8100,5670
11021,26,3123,2186
11021,51,5300,3710
11021,72,3480,2436
11022,19,920,644
11022,69,3600,2520
11023,7,3000,2100
11023,43,4600,3220
11024,26,3123,2186
11024,33,250,175
11024,65,2105,1473
11024,71,2150,1505
11025,1,1800,1260
11025,13,600,420
11026,18,6250,4375
11026,51,5300,3710
11027,24,450,315
11027,62,4930,3451
11028,55,2400,1680
11028,59,5500,3850
11029,56,3800,2660
11029,63,4390,3073
11030,2,1900,1330
11030,5,2135,1494
11030,29,12379,8665
11030,59,5500,3850
11031,1,1800,1260
11031,13,600,420
11031,24,450,315
11031,64,3325,2327
11031,71,2150,1505
11032,36,1900,1330
11032,38,26350,18445
11032,59,5500,3850
11033,53,3280,2296
11033,69,3600,2520
11034,21,1000,700
11034,44,1945,1361
11034,61,2850,1995
11035,1,1800,1260
11035,35,1800,1260
11035,42,1400,980
11035,54,745,521
11036,13,600,420
11036,59,5500,3850
11037,70,1500,1050
11038,40,1840,1288
11038,52,700,490
11038,71,2150,1505
11039,28,4560,3192
11039,35,1800,1260
11039,49,2000,1400
11039,57,1950,1365
11040,21,1000,700
11041,2,1900,1330
11041,63,4390,3073
11042,44,1945,1361
11042,61,2850,1995
11043,11,2100,1470
11044,62,4930,3451
11045,33,250,175
11045,51,5300,3710
11046,12,3800,2660
11046,32,3200,2240
11046,35,1800,1260
11047,1,1800,1260
11047,5,2135,1494
11048,68,1250,875
11049,2,1900,1330
11049,12,3800,2660
11050,76,1800,1260
11051,24,450,315
11052,43,4600,3220
11052,61,2850,1995
11053,18,6250,4375
11053,32,3200,2240
11053,64,3325,2327
11054,33,250,175
11054,67,1400,980
11055,24,450,315
11055,25,0,1500
11055,51,5300,3710
11055,57,1950,1365
11056,7,3000,2100
11056,55,2400,1680
11056,60,3400,2380
11057,70,1500,1050
11058,21,1000,700
11058,60,3400,2380
11058,61,2850,1995
11059,13,600,420
11059,17,3900,2730
11059,60,3400,2380
11060,60,3400,2380
11060,77,1300,910
11061,60,3400,2380
11062,53,3280,2296
11062,70,1500,1050
11063,34,1400,980
11063,40,1840,1288
11063,41,965,675
11064,17,3900,2730
11064,41,965,675
11064,53,3280,3100
11064,55,2400,1680
11064,68,1250,875
11065,30,2589,2500
11065,54,745,521
11066,16,1745,1221
11066,19,920,644
11066,34,1400,980
11067,41,965,675
11068,28,4560,4500
11068,43,4600,3220
11068,77,1300,910
11069,39,1800,1260
11070,1,1800,1260
11070,2,1900,1330
11070,16,1745,1221
11070,31,1250,875
11071,7,3000,2100
11071,13,600,420
11072,2,1900,1330
11072,41,965,675
11072,50,1625,1137
11072,64,3325,3200
11073,11,2100,1470
11073,24,450,315
11074,16,1745,1221
11075,2,1900,1330
11075,46,1200,840
11075,76,1800,1260
11076,6,2500,1750
11076,14,2325,1627
11076,19,920,644
11077,2,1900,1330
11077,3,1000,700
11077,4,2200,1540
11077,6,2500,1750
11077,7,3000,2100
11077,8,4000,3900
11077,10,3100,2170
11077,12,3800,2660
11077,13,600,420
11077,14,2325,1627
11077,16,1745,1600
11077,20,8100,5670
11077,23,900,630
11077,32,3200,2240
11077,39,1800,1260
11077,41,965,675
11077,46,1200,840
11077,52,700,490
11077,55,2400,1680
11077,60,3400,2380
11077,64,3325,3100
11077,66,1700,1190
11077,73,1500,1050
11077,75,775,542
11077,77,1300,910
11078,25,2490,2400
11079,25,2406,2400
11080,25,2427,2400
11081,25,2422,2400
11082,25,2458,2400
11083,25,2417,2400
11084,25,2490,2400
11085,25,2445,2400
11086,25,2495,2400
11087,25,2401,2400
11088,25,2426,2400
11089,25,2489,2400
11090,25,2406,2400
11091,25,2485,2400
11092,25,2425,2400
11093,25,2445,2400
11094,25,2421,2400
11095,25,2435,2400
11096,25,2481,2400
11097,25,2434,2400
11098,25,2422,2400
11099,25,2446,2400
11100,25,2443,2400
11101,25,2494,2400
11102,25,2411,2400
11103,25,2487,2400
11104,25,2475,2400
11105,25,2409,2400
11106,25,2498,2400
11107,25,2440,2400
11108,25,2425,2400
