销售省份,2017,2018,2019,2020,合计
山东,192404,443588,424078,526711,1586781
广东,263699,420473,376190,392580,1452942
黑龙江,267413,185708,328288,397405,1178814
辽宁,161811,174452,209088,317222,862573
河南,79324,255976,232583,285707,853590
河北,227148,101427,182053,280289,790917
湖南,163502,156604,124378,278962,723446
江苏,127085,139944,181420,201511,649960
吉林,70787,115734,217297,236373,640191
安徽,120602,113787,162774,231804,628967
湖北,135048,133676,116912,236326,621962
上海,100142,151188,185813,145304,582447
天津,95428,127413,157723,169348,549912
福建,102314,67920,200757,175909,546900
陕西,104777,121664,103941,127309,457691
浙江,94619,58797,118811,179886,452113
山西,99784,87027,74513,162555,423879
北京,76155,47766,110736,174489,409146
四川,60562,133226,101074,106019,400881
广西,48347,70349,72561,186394,377651
重庆,66217,47867,105998,141682,361764
云南,71917,75928,139114,73965,360924
内蒙古,59788,48069,77164,88433,273454
江西,29990,39230,61552,106555,237327
甘肃,47268,35998,38759,57245,179270
海南,18512,38961,63852,47934,169259
贵州,15893,34272,17727,40251,108143
新疆,16700,2123,8433,42840,70096
宁夏,12687,1854,18660,24921,58122
青海,0,0,31300,18563,49863
西藏自治区,1145,909,0,7963,10017
